ingredient,"Energie, N x facteur Jones, avec fibres (kJ/100 g)","Protéines, N x 6.25 (g/100 g)",Lipides (g/100g),Glucides (g/100g),Sucres (g/100g),Fibres (g/100g),Sel chlorure de sodium (g/100 g),AG saturés (g/100g),Cholestérol (mg/100g),singulier,pluriel
abadèch,,,,,,,,,,abadèch,abadèchs
abat,,"25,1","6,24","1,36","0,026","0,12",,"2,13",322,abattre,abattres
abondance,1640,"26,6","31,6",traces,"< 0,2",0,,"20,1",106,abondance,abondances
abricot,194,"0,81","< 0,5","9,01","6,7","1,7",,"< 0,01",0,abricot,abricots
absinthe,1010,"2,88","0,5","59,1","34,3","8,3",,"0,19",0,absinthe,absinthes
achatine,,,,,,,,,,achatine,achatines
acide,,"2,31","9,3","37,1","24,9","0,7",,"5,98","39,6",acide,acides
acidifiant,,,,,,,,,,acidifiant,acidifiants
acoupa,,,,,,,,,,acoupa,acoupas
adjwain,,,,,,,,,,adjwain,adjwains
after,,,,,,,,,,after,afters
agar,,"4,36","0,3",,"2,97",,,"0,061",0,agar,agars
agneau,1130,"16,3","22,6","0,92","0,063",0,,"10,1",,agneau,agneaux
agosturer,,"0,068","0,066","8,28","7,38","0,05",,0,0,agosturer,agosturers
agrume,1270,"< 0,5","< 0,3","72,3","62,9","3,3",,0,0,agrume,agrumes
aiguillette,1630,"10,1","36,1","7,07","2,05","0,45",,"13,7",,aiguillette,aiguillettes
ail,1460,"16,7","0,77","62,8","2,43","9,45",,"0,2",0,ail,ails
aile,415,"23,2","0,57",traces,0,0,,"0,12",67,aile,ailes
aileron,785,"24,8","9,52","0,7",0,0,,,133,aileron,ailerons
aillet,,,,,,,,,,aillet,aillets
airelle,,,,,,,,,,airell,airells
alcool,2730,0,0,0,0,0,,0,0,alcool,alcools
alevin,,,,,,,,,,alevin,alevins
alfafa,,,,,,,,,,alfafa,alfafas
alginate,1480,0,"0,2","86,3",,"0,55",,"0,039",0,alginate,alginates
algue,1060,"31,5","1,63","10,5",,"36,3",,,,algue,algues
alkerme,,,,,,,,,,alkerm,alkerms
all,1510,"11,5","4,42","59,3","22,1","18,3",,"1,91",0,all,alls
allumette,500,"23,1","2,6","0,7","< 0,2",0,,"1,02","47,2",allumette,allumettes
alose,,,,,,,,,,alose,aloses
alouette,,,,,,,,,,alouette,alouettes
aloé,,,,,,,,,,aloé,aloés
amande,2420,"47,9",42,"3,11","0,3",0,,"13,1",1670,amand,amands
amarante,1540,"14,5","7,02","58,6","1,68","6,7",,"1,46",0,amarante,amarantes
amaretti,,,,,,,,,,amaretti,amarettis
amaretto,,,,,,,,,,amaretto,amarettos
amidon,1460,"0,63",0,85,,traces,,,,amidon,amidons
ananas,231,"< 0,5","< 0,5","11,7","10,5","1,2",,"< 0,01",0,ananas,ananass
anchois,541,"18,6","6,07",traces,0,0,,"1,64",124,anchois,anchoiss
anchoïade,,,,,,,,,,anchoïade,anchoïades
andouille,878,"18,4","15,1","0,3",,traces,,,,andouille,andouilles
andouillette,946,"18,8","16,3",1,"< 0,5","0,71",,"6,94",284,andouillette,andouillettes
aneth,202,"3,93","1,1","3,9","1,2","3,5",,"0,27",0,aneth,aneths
angosturer,,,,,,,,,,angosturer,angosturers
anguille,963,"16,1","18,6",traces,0,0,,"3,89",120,anguille,anguilles
angélique,,,,,,,,,,angélique,angéliques
anis,,,,,,,,,,anis,aniss
anisette,,,,,,,,,,anisette,anisettes
anti-pectine,,,,,,,,,,anti-pectine,anti-pectines
aop,,"1,87","0,32","7,7","5,3","1,65",,"0,031",0,aop,aops
aperol,,,,,,,,,,aperol,aperols
appenzeller,,,,,,,,,,appenzeller,appenzellers
apremont,,,,,,,,,,apremont,apremonts
apéricube,,,,,,,,,,apéricube,apéricubes
apérifruit,,,,,,,,,,apérifruit,apérifruits
aquafaber,,,,,,,,,,aquafaber,aquafabers
arachide,,"15,5",22,"9,54","2,47","8,8",,"3,06",0,arachide,arachides
araignée,782,"8,4",14,"6,5","1,2","1,3",,"3,4","37,3",araignée,araignées
arbouse,,,,,,,,,,arbouse,arbouses
armagnac,945,0,0,1,0,0,,,0,armagnac,armagnacs
armoise,,,,,,,,,,armoise,armoises
aromate,206,"3,58","0,8","4,15","1,99","5,64",,"0,2",0,aromate,aromates
arquebuse,,,,,,,,,,arquebuse,arquebuses
arrow,,,,,,,,,,arrow,arrows
artichaut,,"3,2","0,18","4,92","0,99","5,4",,"0,036",0,artichaut,artichauts
arête,512,"22,9","3,3",traces,0,0,,"0,75",67,arête,arêtes
arôme,,"2,5","0,3","2,5",,"1,8",,"0,07",0,arôme,arômes
asafoetida,,,,,,,,,,asafoetida,asafoetidas
ashwagandha,,,,,,,,,,ashwagandha,ashwagandhas
aspartame,904,"6,35",0,"69,3","6,65","2,2",,0,,aspartame,aspartames
asperge,,"2,46","0,27","2,03","1,5","2,15",,"0,069",0,asperge,asperges
aspérule,,,,,,,,,,aspérule,aspérules
assaisonnement,722,"6,69","3,7","26,9","4,93","0,9",,"0,6","13,1",assaisonnement,assaisonnements
asti,,,,,,,,,,asti,astis
atriau,,,,,,,,,,atriau,atriaus
attiéker,,,,,,,,,,attiéker,attiékers
aubergine,,"1,12","0,14","2,39","2,39","2,7",,"0,034",0,aubergine,aubergines
autre,,"6,1","27,6","60,5","21,6","2,06",,"14,4","11,7",autre,autres
autruche,666,"20,2","8,7",0,0,0,,,71,autruche,autruches
avocat,843,"1,56","20,6","0,83","0,4","3,6",,"4,51","< 0,5",avocat,avocats
avoine,1570,"18,1","6,9","55,7","1,2","10,6",,"1,22",0,avoine,avoines
aïoli,,"1,13",41,"4,7","3,14","0,42",,,,aïoli,aïolis
baba,708,"2,83","3,86","23,6","18,2","0,87",,"2,77",,baba,babas
babeurre,,,,,,,,,,babeurre,babeurres
babybel,1260,"21,3","23,7",traces,traces,0,,"16,3",,babybel,babybels
bacardi,,,,,,,,,,bacardi,bacardis
bacon,500,"23,1","2,6","0,7","< 0,2",0,,"1,02","47,2",bacon,bacons
bagel,1140,"10,2","3,98","47,3","5,36","3,42",,"1,02",0,bagel,bagels
baguette,1200,"9,06","1,4","58,3","2,3","2,7",,"0,45","0,075",baguette,baguettes
baie,,"0,77","0,14","6,2","6,2","1,6",,"0,021",0,baie,baies
bailey',,,,,,,,,,bailey,baileys
baking,,,,,,,,,,baking,bakings
bambou,,"1,61","0,15","1,9","1,15","1,25",,"0,041",0,bambou,bambous
banane,,"1,28","0,39","29,6",,"2,3",,"0,14",0,banane,bananes
bananier,,,,,,,,,,bananier,bananiers
banon,,,,,,,,,,banon,banons
banyul,,,,,,,,,,banyul,banyuls
bar,350,"19,1","0,7",traces,0,0,,"0,2","47,6",bar,bars
barbe-à-papa,,"1,7","5,53","11,9","2,27","0,9",,"3,03",,barbe-à-papa,barbe-à-papas
barbeau,,,,,,,,,,barbeau,barbeaux
barbue,,,,,,,,,,barbue,barbues
barde,3330,"2,92","88,7",0,0,0,,"32,2",57,barde,bardes
bardièr,3060,"4,51","80,6","0,1","0,1",0,,"28,7",,bardièr,bardièrs
barre,,"5,76",23,"50,5","27,9","1,75",,"6,11","99,8",barre,barres
basilic,145,"3,35","0,47","2,55","0,37","3,47",,"0,13",0,basilic,basilics
basse-côte,837,19,"13,2","1,45","< 0,5",0,,"5,94",,basse-côte,basse-côtes
bastogn,,,,,,,,,,bastogn,bastogns
batavia,"74,6","1,25","< 0,5","1,78","1,1","2,1",,"< 0,01",,batavia,batavias
baudroie,,"6,16","34,2","57,1",56,1,,"21,3",23,baudroie,baudroies
bavette,285,"15,1","0,74",traces,0,"< 0,2",,"0,2",25,bavette,bavettes
beaufort,1710,26,34,traces,0,0,,"19,2",,beaufort,beauforts
beaujolais,,,,,,,,,,beaujolais,beaujolaiss
beaume,1480,0,"0,2","86,3",,"0,55",,"0,039",0,beaum,beaums
beef,787,"23,1","10,5","< 0,1","< 0,2","< 1,5",,"4,54","75,5",beef,beefs
beignet,1050,"8,69","14,4","21,2","2,58","1,66",,"1,77",90,beignet,beignets
beni,1410,"8,98","4,24","58,3","3,39","14,1",,"2,6",0,beni,benis
bergamote,,,,,,,,,,bergamote,bergamotes
bergerac,,,,,,,,,,bergerac,bergeracs
berkoukes,,,,,,,,,,berkoukes,berkoukess
berniqu,,,,,,,,,,berniqu,berniqus
bette,"61,1","0,7","< 0,5","1,23","0,8","2,5",,"< 0,01",0,bette,bettes
betterave,180,"1,44","0,4","7,13","6,7","2,5",,"0,15",0,betterave,betteraves
beurre,3700,0,100,0,0,0,,"59,7",0,beurr,beurrs
bicarbonate,"1,7","0,1",0,0,0,0,,0,0,bicarbonate,bicarbonates
biche,,,,,,,,,,biche,biches
bifteck,963,"23,8","15,1","0,0018",0,0,,"6,65","77,5",bifteck,biftecks
bigarade,,,,,,,,,,bigarade,bigarades
bigorneau,963,"23,8","15,1","0,0018",0,0,,"6,65","77,5",bigorneau,bigorneaux
bille,,"0,5",5,93,91,"0,5",,4,,bille,billes
bimi,725,"17,9","7,48","8,45",,0,,"1,88",260,bimi,bimis
biscotte,1660,"12,9","7,22","66,7","5,4","7,08",,"2,51",0,biscotte,biscottes
biscuit,949,"11,6","1,88","39,6","4,25","3,18",,"0,42",,biscuit,biscuits
bison,,,,,,,,,,bison,bisons
bisqu,385,"19,6","1,32","0,11",0,0,,"0,21",128,bisqu,bisqus
bitter,,"0,068","0,066","8,28","7,38","0,05",,0,0,bitter,bitters
bière,,"0,43",traces,"4,1","4,1",0,,traces,0,bière,bières
blanc,201,"10,3","0,17","1,12","0,7",0,,0,0,blanc,blancs
blanquette,474,"15,4",4,"3,1","0,3","0,8",,"2,03","56,6",blanquette,blanquettes
blette,"61,1","0,7","< 0,5","1,23","0,8","2,5",,"< 0,01",0,blette,blettes
bleu,1460,20,30,traces,0,0,,19,103,bleu,bleux
blini,,"5,98","11,2","33,7","3,14","2,35",,"3,19","24,7",blini,blinis
blé,887,"8,03","1,27","41,4",,"1,1",,"0,21",0,blé,blés
bocconcini,,,,,,,,,,bocconcini,bocconcinis
boeuf,963,"23,8","15,1","0,0018",0,0,,"6,65","77,5",boeuf,boeufs
bois,0,0,0,0,0,0,,0,0,bois,boiss
bois-bandé,0,0,0,0,0,0,,0,0,bois-bandé,bois-bandés
boisson,,"0,11","0,042","7,42","7,26","0,025",,"0,0074","0,06",boisson,boissons
bok,"74,4","1,69","< 0,3","1,7","0,4","1,3",,"< 0,01",,bok,boks
bolet,,,,,,,,,,bolet,bolets
bonbon,,"2,5","2,9","4,1","1,19","1,9",,"1,82",,bonbon,bonbons
bonite,675,"22,3","8,01",traces,0,0,,"2,11",,bonite,bonites
bonnet,,,,,,,,,,bonnet,bonnets
bordeaux,,,,,,,,,,bordeaux,bordeauxs
bouchée,1260,"8,39","17,8","26,1","3,03","1,65",,"10,1","39,1",bouchée,bouchées
boudin,1300,"12,2","27,1","4,5","1,12","1,42",,"9,57","82,5",boudin,boudins
boudoir,,"7,98","3,77","79,9","47,9","1,37",,"0,99",109,boudoir,boudoirs
bouillon,,"11,3","11,5","20,8","5,38","0,58",,"6,75",,bouillon,bouillons
boule,143,"< 0,5","< 0,6","0,43","0,18",0,,,,boule,boules
boulette,1480,"20,5",30,traces,traces,0,,"19,8","83,1",boulette,boulettes
boulgour,699,"4,06","8,3","17,4","4,61","3,3",,"0,92",,boulgour,boulgours
bounty,1990,"3,88","23,8","60,2",53,3,,"18,3","5,5",bounty,bountys
bouquet,,"22,8","1,27",,,0,,"0,22",209,bouquet,bouquets
bouquetin,,,,,,,,,,bouquetin,bouquetins
bourbon,,,,,,,,,,bourbon,bourbons
bourgeois,,,,,,,,,,bourgeois,bourgeoiss
bourgogne,,,,,,,,,,bourgogne,bourgognes
bourguignon,,"1,25","43,9","7,85","5,23","0,52",,"3,59",32,bourguignon,bourguignons
bourrache,,,,,,,,,,bourrache,bourraches
boursault,,,,,,,,,,boursault,boursaults
boursin,1510,"7,5","35,3","4,24","1,86",0,,"23,9","69,3",boursin,boursins
bouton,241,"3,15","3,2","4,01","4,01",0,,"2,16","12,1",bouton,boutons
boyau,1170,"17,3",23,"0,88","0,65","0,29",,"9,44","78,5",boyau,boyaus
boîte,946,"23,4","14,8",0,"< 0,25",0,,"1,62",38,boîte,boîtes
branche,70,"0,75","< 0,3","2,48","1,7","1,5",,"< 0,01",,branche,branches
brandade,491,"6,39","6,15","8,57","1,62","1,1",,"3,68",31,brandade,brandades
brandy,,,,,,,,,,brandy,brandys
bresaola,697,"31,6","4,3",0,0,0,,"2,04",65,bresaola,bresaolas
bresse,1420,17,"30,5",traces,0,0,,"19,4",91,bresse,bresses
bretzel,1380,"10,1","7,1","54,6","3,58","3,8",,"0,95",,bretzel,bretzels
brick,1060,"10,4","18,1","12,3","1,6","0,5",,,264,brick,bricks
brie,1130,21,"20,7",traces,"< 0,2",0,,"14,5","83,6",brie,bries
brillat,1550,"9,69","37,5",traces,0,0,,"25,1",122,brillat,brillats
brioche,1490,"8,13","11,8","52,7","12,7","2,2",,"5,01","59,3",brioche,brioches
briochette,1460,"8,56","11,2","51,6",17,3,,"0,92","42,8",briochette,briochettes
brique,1220,"19,4","23,8",traces,"< 0,05",0,,16,"91,8",brique,briques
brisure,1370,"0,94","< 0,5","79,5","56,6","0,9",,"< 0,01",,brisure,brisures
brocciu,,,,,,,,,,brocciu,broccius
brochet,425,"23,1","0,88",traces,0,0,,"0,15",50,brochet,brochets
brocoli,,"2,1","0,78","1,1","1,1","1,5",,"0,2",0,brocoli,brocolis
brousse,,,,,,,,,,brousse,brousses
broute,,,,,,,,,,broute,broutes
brownie,1910,"5,94","25,4","50,6","35,1","3,4",,"7,32","67,6",brownie,brownies
brugnon,,"1,16","0,31","8,9","7,89","1,7",,"0,025",0,brugnon,brugnons
brunost,,,,,,,,,,brunost,brunosts
brède,,"0,72","0,12","2,8","1,66","1,7",,"0,028",0,brède,brèdes
bucatini,,,,,,,,,,bucatini,bucatinis
bulot,555,"23,8","0,57","7,61",0,0,,"0,031",65,bulot,bulots
burrata,,,,,,,,,,burrata,burratas
butternut,,"1,23","0,07",,,,,"0,014",0,butternut,butternuts
bâtonnet,,"6,16","34,2","57,1",56,1,,"21,3",23,bâtonnet,bâtonnets
bètchey,,,,,,,,,,bètchey,bètcheys
bécasse,,,,,,,,,,bécasse,bécasses
béchamel,,"2,56","7,4","6,2","3,1","1,3",,"4,61",30,béchamel,béchamels
bélangèr,,,,,,,,,,bélangèr,bélangèrs
bénédictine,,,,,,,,,,bénédictine,bénédictines
bûche,949,"2,42","10,4",30,"25,6","1,54",,"7,1",,bûche,bûches
cabillaud,420,"23,1","0,73",0,0,0,,"0,14","52,1",cabillaud,cabillauds
cabécou,1170,19,"22,6",traces,0,0,,"17,4",78,cabécou,cabécous
cacahuète,,"25,4","52,5","16,1","10,5",5,,"10,4",0,cacahuète,cacahuètes
cacao,1610,"22,4","20,6","11,6","0,9","29,5",,"12,4",0,cacao,cacaos
cachaça,,,,,,,,,,cachaça,cachaças
cachou,,,,,,,,,,cachou,cachous
caciocavallo,,,,,,,,,,caciocavallo,caciocavallos
cactus,,,,,,,,,,cactus,cactuss
café,489,"2,87","3,69","17,8",14,"0,042",,"2,5",,café,cafés
caille,860,"26,8","10,9",0,0,0,,"3,06",86,caille,cailles
cailler,860,"26,8","10,9",0,0,0,,"3,06",86,cailler,caillers
calamar,1050,"8,69","14,4","21,2","2,58","1,66",,"1,77",90,calamar,calamars
calisson,1850,"7,88",18,"60,3","50,1","2,7",,"1,65",,calisson,calissons
caloupiler,,,,,,,,,,caloupiler,caloupilers
calvados,,0,0,0,0,0,,0,,calvados,calvadoss
cambozola,,,,,,,,,,cambozola,cambozolas
camembert,1170,"19,1","22,5",traces,traces,0,,"15,8",74,camembert,camemberts
campari,,,,,,,,,,campari,camparis
canard,811,"23,3","11,2",0,0,0,,"3,48",119,canard,canards
cancoillotte,635,"13,6","10,5","0,5",traces,0,,"7,06",26,cancoillotte,cancoillottes
canette,,,,,,,,,,canette,canettes
canneberge,1410,"< 0,5",1,"76,4","72,8","5,7",,"0,2",0,canneberge,canneberges
cannelle,,"5,2","3,7","59,4","37,6","2,6",,"2,11","14,8",cannelle,cannelles
canneloni,512,"4,38","5,9","11,8","4,3",traces,,"1,91","11,2",canneloni,cannelonis
cantadou,612,"9,5","11,2","1,98","0,8","0,55",,"3,6",301,cantadou,cantadous
cantal,1580,"24,8",31,traces,"< 0,5",0,,"24,2",,cantal,cantaux
cap,330,"16,1","1,52",traces,0,0,,"0,51",,cap,caps
capellini,,,,,,,,,,capellini,capellinis
cappuccino,1760,"11,9","8,8","70,1",52,"3,3",,"7,47",,cappuccino,cappuccinos
capron,,,,,,,,,,capron,caprons
capucine,,,,,,,,,,capucine,capucines
carambar,,,,,,,,,,carambar,carambars
carambole,,"1,15","0,32","3,9","3,9","2,8",,"0,019",0,carambole,caramboles
caramel,560,"4,35","3,6","20,6",18,traces,,"1,93",12,caramel,caramels
carbonate,170,"3,94","2,1","1,1","0,27","0,6",,"0,34",0,carbonate,carbonates
carcasse,553,"21,6","4,95","0,22","< 0,5",0,,"2,06",,carcass,carcasss
cardamome,1340,"10,8","6,7","40,5",,28,,,0,cardamome,cardamomes
carde,,,,,,,,,,carde,cardes
cardon,,"0,76","0,11","3,63",,"1,7",,"0,012",0,cardon,cardons
carensac,,,,,,,,,,carensac,carensacs
carmine,,,,,,,,,,carmine,carmines
carotte,"78,8","0,55","0,1","2,6","1,3","2,8",,"0,019",0,carotte,carottes
carpaccio,1120,"15,2",23,"0,55","0,5","0,36",,"7,38","55,6",carpaccio,carpaccios
carpe,633,"21,6","7,17",traces,0,0,,"1,27",84,carpe,carpes
carrelet,1010,"13,4","16,8","8,86",,1,,2,60,carrelet,carrelets
carrer,866,"34,1","7,45","0,6",0,0,,"3,03","76,3",carrer,carrers
carvi,1380,"19,8","14,6","11,9","0,64",38,,"0,62",0,carvi,carvis
casarecce,,,,,,,,,,casarecce,casarecces
cassi,,"1,33","0,86","9,68","9,68","5,8",,"0,14",0,cassi,cassis
cassonade,,,,,,,,,,cassonade,cassonades
cassoulet,539,"8,06","5,77","9,41","1,06","3,55",,"2,07","21,3",cassoulet,cassoulets
cava,,,,,,,,,,cava,cavas
caviar,,"0,71",21,"4,3","1,85","2,93",,"0,65",,caviar,caviars
cendre,0,0,0,0,0,0,,0,0,cendre,cendres
cenovi,,,,,,,,,,cenovi,cenovis
cerf,632,"30,2","3,19",0,,0,,"1,25",112,cerf,cerfs
cerfeuil,167,"3,72","0,6","3,63","0,6","2,55",,"0,22",0,cerfeuil,cerfeuils
cerise,235,"0,81","< 0,3",13,10,"1,6",,"< 0,01",0,cerise,cerises
cerneau,,12,73,5,"4,9",3,,"7,1",,cerneau,cerneaux
cervela,1150,"11,9","24,8","1,56","0,63","0,4",,"9,37","66,8",cervela,cervelas
cervelle,551,"11,5","9,63",0,,0,,"2,18",3100,cervelle,cervelles
chabichou,1230,"20,1","23,8",traces,"< 0,5",0,,"17,1","97,3",chabichou,chabichous
chablis,,,,,,,,,,chablis,chabliss
chair,1340,"14,7","29,1","0,6",,0,,,,chair,chairs
chamallow,,,,,,,,,,chamallow,chamallows
champagne,,"0,3",0,"2,81","1,4",0,,0,0,champagne,champagnes
champignon,"91,2","2,37","0,23","1,88","1,43","1,72",,"0,055",0,champignon,champignons
chanterelle,137,"2,28","0,78","2,3","1,87","4,23",,"0,5",0,chanterelle,chanterelles
chaource,1150,17,"22,9",traces,"< 0,2",0,,"15,8",83,chaource,chaources
chapelure,1560,"12,7","3,77",70,"6,9","4,5",,"0,94",0,chapelure,chapelures
chapon,923,29,"11,7",0,,0,,"3,26",86,chapon,chapons
charbon,,,,,,,,,,charbon,charbons
charcuterie,991,"19,7","17,1","1,47","0,86","0,25",,"6,61",77,charcuterie,charcuteries
charolais,,,,,,,,,,charolais,charolaiss
chartreux,123,2,"0,17",3,1,4,,"0,042",0,chartreux,chartreuxs
chatrou,,,,,,,,,,chatrou,chatrous
chaume,,,,,,,,,,chaume,chaumes
chaussée,,"0,1","0,1","4,4","4,38","0,1",,0,,chausser,chaussers
chayote,,"0,72","0,12","2,8","1,66","1,7",,"0,028",0,chayote,chayotes
cheddar,1660,"23,6","33,8",traces,0,0,,"19,5",102,cheddar,cheddars
chermouler,,,,,,,,,,chermouler,chermoulers
chester,,,,,,,,,,chester,chesters
cheval,711,"28,2","6,24",traces,,0,,"1,99",,cheval,chevaux
cheveu,,,,,,,,,,cheveu,cheveux
chevreau,573,"27,1","3,03",0,0,0,,"0,93",75,chevreau,chevreaux
chevreuil,632,"30,2","3,19",0,,0,,"1,25",112,chevreuil,chevreuils
chevrotin,,,,,,,,,,chevrotin,chevrotins
chicorée,1350,"3,3","2,5","57,2","21,7","29,2",,"0,75",0,chicorée,chicorées
chili,494,"7,13","3,35",13,"2,58","3,56",,"1,13","14,6",chili,chilis
chimère,,,,,,,,,,chimère,chimères
chips,686,"5,56","9,9","11,7","1,22","2,7",,"1,55","99,2",chip,chips
chipiron,,,,,,,,,,chipiron,chipirons
chipolata,1170,"18,8","22,4","0,8","0,4",0,,"8,27","75,2",chipolata,chipolatas
chlorure,1480,0,"0,2","86,3",,"0,55",,"0,039",0,chlorure,chlorures
chocolat,858,"13,4","7,1","20,8","3,97","3,1",,"0,73",,chocolat,chocolats
chorizo,1970,"20,9","41,9","2,6","2,6",0,,16,111,chorizo,chorizos
chou,,"2,6","0,11","4,2","1,7","3,2",,"0,023",0,chou,chous
chou-fleur,"87,3","1,6","0,46","1,6","1,59",2,,"0,097",0,chou-fleur,chou-fleurs
chou-rave,,"1,79","0,1","2,35","2,35","3,6",,"0,013",0,chou-rave,chou-raves
chouchen,,,,,,,,,,chouchen,chouchens
chouchou,,"0,72","0,12","2,8","1,66","1,7",,"0,028",0,chouchou,chouchous
choucroute,310,"1,38","6,6","< 0,1","< 0,2","4,5",,"2,02","8,44",choucroute,choucroutes
chouquette,1590,"7,76","18,6","42,6","27,1","6,1",,"9,89",191,chouquette,chouquettes
christophine,,"1,23","0,023","4,6",,3,,,,christophine,christophines
chutney,314,"0,63","< 0,5","14,3","12,9","1,6",,"< 0,01",0,chutney,chutneys
châtaigne,,"2,13","2,23","36,5","7,86","7,45",,"0,37",0,châtaigne,châtaignes
chèvre,,"14,3","18,4","2,05","2,05",0,,"12,5","71,7",chèvre,chèvres
chêne,"59,3","1,13","< 0,5","1,03","0,6","1,8",,"< 0,01",,chêne,chênes
ciabatta,,,,,,,,,,ciabatta,ciabattas
ciboul,124,"2,57","0,52","2,1","1,75","3,19",,"0,15",0,ciboul,cibouls
ciboulette,124,"2,57","0,52","2,1","1,75","3,19",,"0,15",0,ciboulette,ciboulettes
cidre,149,"< 0,5","< 0,6","5,34","4,96",0,,,,cidre,cidres
cigal,782,"8,4",14,"6,5","1,2","1,3",,"3,4","37,3",cigal,cigaux
cigarette,,"5,29","27,5",63,38,1,,"17,5",,cigarette,cigarettes
cinq,1440,"12,4","10,4","37,7","2,14","25,9",,"4,84",0,cinq,cinqs
cinzano,,,,,,,,,,cinzano,cinzanos
citron,170,"1,13","< 0,3","3,14","2,1","4,3",,"< 0,01",0,citron,citrons
citronat,,,,,,,,,,citronat,citronats
citronnell,170,"1,13","< 0,3","3,14","2,1","4,3",,"< 0,01",0,citronnell,citronnells
citrouille,,1,"0,1",6,"2,76","0,5",,"0,052",0,citrouille,citrouilles
cive,,,,,,,,,,cive,cives
clairette,1480,0,"0,2","86,3",,"0,55",,"0,039",0,clairet,clairets
clam,420,"16,2","1,48","5,33",0,0,,"0,14","50,5",clam,clams
clou,1390,"5,97",13,"31,6","2,38","33,9",,"3,95",0,clou,clous
clovisse,,,,,,,,,,clovisse,clovisses
clémentine,200,"0,81","< 0,5","9,17","8,6","1,7",,"< 0,01",0,clémentine,clémentines
cobia,,,,,,,,,,cobia,cobias
cochon,,,,,,,,,,cochon,cochons
coco,226,"10,2","0,9","1,16",0,0,,"0,17",98,coco,cocos
coeur,420,"23,1","0,73",0,0,0,,"0,14","52,1",coeur,coeurs
cognac,945,0,0,1,0,0,,,0,cognac,cognacs
coing,,"0,51","0,1","13,4","6,3","1,9",,"0,0085",0,coing,coings
cointreau,,,,,,,,,,cointreau,cointreaux
cola,131,"0,089","0,059","7,45","7,41","0,00084",,0,0,cola,colas
coleslaw,435,"0,94","8,1","5,78","4,72",3,,"0,63",,coleslaw,coleslaws
colin,425,"24,4","< 0,5",traces,0,0,,"< 0,01","70,1",colin,colins
collet,411,"22,6","0,73",0,0,0,,"0,13",77,collet,collets
collier,978,"34,9","10,4",traces,,0,,"3,5",79,collier,colliers
colorant,1400,"40,4","4,5","21,8","2,5","22,5",,"0,7","< 0,7",colorant,colorants
combava,,,,,,,,,,combava,combavas
compote,432,"0,23","0,21","24,4","20,7","1,53",,"0,017",0,compote,compotes
comté,1740,"26,7","34,6",traces,traces,0,,"22,5",115,comté,comtés
concentrer,419,"4,4","0,53","17,1","13,3","4,2",,"0,093",0,concentrer,concentrers
conchiglioni,,,,,,,,,,conchiglioni,conchiglionis
concombre,"61,6","0,56","< 0,5","2,23","1,8","0,8",,"< 0,01",0,concombre,concombres
condiment,,,,,,,,,,condiment,condiments
confisuc,,,,,,,,,,confisuc,confisucs
confit,1270,"< 0,5","< 0,3","72,3","62,9","3,3",,0,0,confit,confits
confiture,1060,"< 0,5","0,5","60,5","60,1","0,7",,"0,11",,confiture,confitures
congre,481,"18,3","4,6",traces,0,0,,,78,congre,congres
consommer,908,"25,1",13,0,0,0,,"3,24",109,consommer,consommers
contre-filet,0,0,0,0,0,0,,0,0,contre-filet,contre-filets
cookie,,"6,47","25,9",59,"31,5","3,38",,"12,9","17,3",cookie,cookies
copeau,,"6,16","34,2","57,1",56,1,,"21,3",23,copeau,copeaux
coppa,1180,25,20,1,"0,5",0,,"6,83",,coppa,coppas
coq,555,13,7,4,1,"0,9",,1,65,coq,coqs
coque,1650,"9,77","4,93","75,5","23,7","4,33",,"0,83",,coqu,coqus
coquelet,,,,,,,,,,coquelet,coquelets
coquelicot,,,,,,,,,,coquelicot,coquelicots
coquille,354,"17,9","0,84","1,15",0,0,,"0,094",38,coquill,coquills
coquillette,1400,"12,6","1,79","65,8","2,12",3,,"0,37",0,coquillette,coquillettes
cordon,944,14,"12,2","14,6","2,2","0,78",,"3,2","37,5",cordon,cordons
coriandre,1430,"12,4","17,8",13,,"41,9",,"0,97",0,coriandre,coriandres
corn,1600,"7,4","0,87","83,2","9,53","3,48",,"0,28",0,corn,corns
corned,787,"23,1","10,5","< 0,1","< 0,2","< 1,5",,"4,54","75,5",corned,corneds
cornet,,"7,5",5,"80,4","25,6",2,,"4,1",,cornet,cornets
cornette,,"7,5",5,"80,4","25,6",2,,"4,1",,cornette,cornettes
cornichon,"81,9","1,06","< 0,6","0,78","0,6","1,5",,"< 0,01",0,cornichon,cornichons
corossol,,"0,65","0,43",,,,,,,corossol,corossols
cosse,,"5,15","0,27","7,95","4,65","5,5",,"0,049",0,cosse,cosses
cottage,,,,,,,,,,cottage,cottages
couche,118,"2,62","0,36","3,15","2,5",1,,"0,067",0,couche,couches
coude,,,,,,,,,,coude,coudes
couenne,1410,"7,25",24,"21,7","1,9","3,4",,"5,28","49,3",couenne,couennes
coulemell,,,,,,,,,,coulemell,coulemells
coulis,1050,"< 0,5","0,3","59,7","56,8","1,1",,"0,041",0,coulis,couliss
coulommier,1160,"18,4","22,8",traces,0,0,,"15,8",85,coulommier,coulommiers
courge,,"0,66","0,26","5,06","2,53","1,4",,"0,062",0,courge,courges
courgette,"64,9","0,93","0,36","1,4","1,39","1,5",,"0,1",0,courgette,courgettes
court,974,"11,3","11,5","20,8","5,38","0,58",,"6,75",,court,courts
court-bouillon,1080,5,23,7,"4,5","2,5",,16,,court-bouillon,court-bouillons
couscous,659,5,1,31,"1,6","2,3",,"0,25",0,couscous,couscouss
couteau,,,,,,,,,,couteau,couteaux
crabe,,"18,3","3,8",,,0,,"1,14",115,crabe,crabes
cracker,1880,"8,5",12,75,"0,4","4,1",,"4,5",,cracker,crackers
cranberrie,,,,,,,,,,cranberrie,cranberries
cream,,,,,,,,,,cream,creams
crema,,,,,,,,,,crema,cremas
cresson,,"2,25","0,1",traces,,"2,1",,,,cresson,cressons
cressonnette,,,,,,,,,,cressonnette,cressonnettes
crevette,381,"18,3","1,2","1,47",,0,,"0,31",164,crevette,crevettes
croquant,,7,11,69,"22,4","8,4",,"3,18",,croquant,croquants
crosne,215,"2,13","< 0,5","9,11","0,2","1,9",,"< 0,01",,crosne,crosnes
crottin,1240,"19,3","24,4",traces,"< 0,5",0,,"16,2","92,9",crottin,crottins
crozet,,,,,,,,,,crozet,crozets
croître,1560,"7,29",20,"40,4","8,83","2,32",,"11,6","26,5",croître,croîtres
croûte,1130,"8,25","3,8","49,5","9,2",3,,"0,35",,croûte,croûtes
croûton,2060,"9,19","24,1","59,1",4,"2,6",,"4,3",,croûton,croûtons
crumble,,"2,19","9,5","33,8",19,"1,7",,"6,25","< 0,5",crumble,crumbles
crunch,,,,,,,,,,crunch,crunchs
crème,1180,"11,1","1,87","53,8","2,54","3,17",,"0,49","48,6",crème,crèmes
crémant,,"0,3",0,"2,81","1,4",0,,0,0,crémant,crémants
crépidule,,,,,,,,,,crépidule,crépidules
crépine,,,,,,,,,,crépine,crépines
crépinette,,,,,,,,,,crépinette,crépinettes
crêpe,,"8,5","14,1","58,1","28,1","1,3",,"6,51","54,7",crêpe,crêpes
cuajada,,,,,,,,,,cuajada,cuajadas
cube,326,"10,9","2,02","3,2","1,5","1,5",,"0,82","28,8",cube,cubes
cuberdon,,,,,,,,,,cuberdon,cuberdons
cuisse,785,"24,8","9,52","0,7",0,0,,,133,cuisse,cuisses
cumin,1780,"17,8","22,3","33,7","2,25","10,5",,"1,54",0,cumin,cumins
curaçao,1030,"26,5","15,5",traces,0,0,,,,curaçao,curaçaos
curcuma,1220,"9,68","3,25","44,4","3,21","22,7",,"1,84",0,curcuma,curcumas
curry,1230,"14,5",14,"2,63","2,63","53,2",,"1,65",0,curry,currys
curé,,,,,,,,,,curé,curés
cynorhodon,,,,,,,,,,cynorhodon,cynorhodons
câpre,,"2,18","0,86","3,5","0,41","3,6",,"0,23",0,câpre,câpres
cèpe,133,"3,13","0,43","3,03","1,7","1,93",,"0,071",0,cèpe,cèpes
cédrat,1270,"< 0,5","< 0,3","72,3","62,9","3,3",,0,0,cédrat,cédrats
céleri,,"1,3","0,86","4,6","2,8","2,6",,,0,céleri,céleris
céréal,1690,"7,51","6,77",75,"24,4","4,98",,"2,42","0,85",céréal,céréaux
côte,1130,"37,3","13,3",0,0,0,,"5,58",66,côte,côtes
côtelette,1520,"14,4","34,5",0,0,0,,"16,8",82,côtelette,côtelettes
daikon,,,,,,,,,,daikon,daikons
daim,,,,,,,,,,daim,daims
dakatine,,,,,,,,,,dakatine,dakatines
danette,559,"3,35","5,1","17,9","15,7","0,85",,"3,3",35,danette,danettes
dashi,,,,,,,,,,dashi,dashis
datte,,"1,81","0,25","64,7","64,7","7,3",,"0,075",0,datte,dattes
daucu,1480,0,"0,2","86,3",,"0,55",,"0,039",0,daucu,daucus
daurade,512,"22,9","3,3",traces,0,0,,"0,75",67,daurade,daurades
digestive,,,,,,,,,,digestive,digestives
dinde,524,"28,5","1,09",0,,0,,"0,51","72,5",dinde,dindes
dindonneau,,,,,,,,,,dindonneau,dindonneaux
diot,,18,30,,,0,,,,diot,diots
disque,,"3,11","9,53","4,24","0,68","1,4",,7,,disque,disques
divers,,"0,35","0,17","61,6","61,6","1,28",,"< 0,033",,divers,diverss
djansan,,,,,,,,,,djansan,djansans
dos,420,"23,1","0,73",0,0,0,,"0,14","52,1",do,dos
dorade,512,"22,9","3,3",traces,0,0,,"0,75",67,dorade,dorades
doré,,,,,,,,,,doré,dorés
doubanjiang,,,,,,,,,,doubanjiang,doubanjiangs
double,392,"3,73","0,29",17,"16,5","3,62",,0,,double,doubles
dragibu,,,,,,,,,,dragibu,dragibus
dragé,,5,"17,2","73,9","71,9",0,,"1,39",0,dragé,dragés
dé,508,"17,9","4,46","2,08","1,69","0,36",,"1,81",,dé,dés
décor,,"0,32","0,48","14,9","14,3","1,4",,"0,14",,décor,décors
eau,0,0,0,0,0,0,,0,0,eau,eaux
edam,1380,25,"25,5",traces,"< 0,25",0,,"16,9",89,edam,edams
edamame,,,,,,,,,,edamame,edamames
elbot,411,"22,6","0,73",0,0,0,,"0,13",77,elbot,elbots
emmental,1540,"27,5","28,6",traces,"< 0,25",0,,"18,1",107,emmental,emmentaux
empereur,311,15,"1,5",traces,0,0,,"0,3",,empereur,empereurs
encornet,632,"32,5","1,4","1,64",,0,,"0,24",224,encornet,encornets
endive,"99,5","1,13","< 0,3","4,38","3,2","< 0,5",,"< 0,01",,endive,endives
energy,,"0,2",0,"11,9","11,7","0,1",,0,0,energy,energys
entrecôte,711,"28,2","6,24",traces,,0,,"1,99",,entrecôte,entrecôtes
escalope,457,"20,7","2,6","0,58",0,0,,"0,6",,escalope,escalopes
escargot,338,"16,6","1,4","0,23","< 0,3",0,,"0,31",,escargot,escargots
espadon,1110,"28,7","16,9",traces,0,0,,"1,51",129,espadon,espadons
essence,1800,7,"13,5","70,3","60,1","2,8",,"1,05",0,essence,essences
estomac,,,,,,,,,,estomac,estomacs
estragon,184,"3,8",traces,"4,1","1,2","6,2",,"0,6",,estragon,estragons
esturgeon,517,"17,7","5,84",traces,0,0,,"1,34",63,esturgeon,esturgeons
etorki,1600,"23,4","32,3",traces,0,0,,"21,3",83,etorki,etorkis
expresso,32,"< 0,5","0,2","1,16",traces,"< 0,5",,"0,092",0,expresso,expressos
extraire,245,"0,03",0,"14,4","14,4",0,,0,0,extrair,extrairs
faisan,999,"32,4","12,1",0,0,0,,"3,91",89,faisan,faisans
faisselle,,"4,38",0,"4,44","3,99",traces,,0,"4,91",faisselle,faisselles
fajita,665,"12,7","4,5",16,"2,2","1,4",,"1,96","30,6",fajita,fajitas
fane,"78,8","0,55","0,1","2,6","1,3","2,8",,"0,019",0,fane,fanes
fanta,,,,,,,,,,fanta,fantas
farce,503,"5,49","9,67",2,"0,88","2,31",,"3,24",42,farce,farces
farfalle,,,,,,,,,,farfalle,farfalles
farine,1530,"6,23","2,1","78,1","0,64","2,55",,"0,27",0,farine,farines
faux-filet,685,"26,6","6,27",traces,,0,,"2,1",,faux-filet,faux-filets
fenouil,1350,"15,7","14,9","12,5","12,5","39,8",,"0,48",0,fenouil,fenouils
fenugreek,,,,,,,,,,fenugreek,fenugreeks
ferment,1310,20,"26,2",traces,0,0,,18,104,fermer,fermers
feta,,"14,5","22,8","2,5","1,13",0,,"14,3","60,3",feter,feters
fettucine,,,,,,,,,,fettucine,fettucines
feuille,625,"2,63","6,5","18,6","0,8","2,6",,"0,85",,feuille,feuilles
feuillet,1260,"8,39","17,8","26,1","3,03","1,65",,"10,1","39,1",feuillet,feuillets
feuilleté,1260,"8,39","17,8","26,1","3,03","1,65",,"10,1","39,1",feuilleté,feuilletés
ficelle,631,"8,6","7,5","11,9","2,7","0,6",,"2,8",,ficelle,ficelles
figatelli,,,,,,,,,,figatelli,figatellis
figolus,,"4,43","9,11","69,2","43,4","3,52",,"3,6","3,8",figolus,figoluss
figue,293,"1,19","< 0,5","13,5","12,2","4,1",,"< 0,01",0,figue,figues
filet,838,"23,4","11,7","0,5",0,0,,"4,13",103,filet,filets
filo,1220,"7,1",6,"50,8","0,18","1,9",,"1,47",0,filo,filos
fin,612,"9,5","11,2","1,98","0,8","0,55",,"3,6",301,fin,fins
fixe,1270,"2,06","28,2","10,6","10,4",< 3,,"18,9",76,fixe,fixes
flageolet,469,"6,75","1,1",12,"0,3","13,8",,"0,25",,flageolet,flageolets
flanchet,,,,,,,,,,flanchet,flanchets
fleur,0,0,0,0,0,0,,,,fleur,fleurs
fleuron,1260,"8,39","17,8","26,1","3,03","1,65",,"10,1","39,1",fleuron,fleurons
flocon,1560,12,"17,3","29,4","10,3","27,2",,"3,26",0,flocon,flocons
floraline,,,,,,,,,,floraline,floralines
florentin,2150,"9,31","28,7","50,7","44,1","7,6",,"10,8","21,4",florentin,florentins
fluff,,,,,,,,,,fluff,fluffs
flétan,409,"21,2","1,31",traces,0,0,,"0,21","43,7",flétan,flétans
flûte,,,,,,,,,,flûte,flûtes
foie,2010,"6,88","50,1","2,43","1,41",0,,"21,6",,foie,foies
fond,171,"3,15","2,05","2,4","0,7","0,1",,1,,fond,fonds
fondre,,"4,08","1,08","11,8","10,1","2,22",,"0,71",,fondre,fondres
fonio,,,,,,,,,,fonio,fonios
fouetté,,"4,03","13,3","57,4","28,1",1,,"7,55","53,1",fouetté,fouettés
fourme,1360,"19,5","27,6",traces,0,0,,18,97,fourme,fourmes
fraise,162,"0,63","< 0,5","6,03","5,6","3,8",,"< 0,01",0,fraise,fraises
framboise,206,"1,19","0,8","5,83","5,4","4,3",,"0,13",0,framboise,framboises
frangipane,,"7,6",30,"33,4","15,6",2,,14,90,frangipane,frangipanes
fregola,,,,,,,,,,fregola,fregolas
frik,263,"3,75","2,5","5,4","0,9","1,9",,,11,frik,friks
frisé,,"1,9","0,4","3,63","1,25",2,,"0,052",0,friser,frisers
frite,1200,"3,28","11,9","39,4","0,69","3,9",,"2,94",0,frite,frites
fromage,1330,"20,2","26,5",0,"0,021",0,,"17,6",,fromage,fromages
fructose,,0,0,"99,8",,0,,0,0,fructose,fructoses
fruit,1640,"2,19","10,5","69,5","59,4","3,4",,"9,16",0,fruit,fruits
fumet,,,,,,,,,,fumet,fumets
fungrec,,,,,,,,,,fungrec,fungrecs
fusilli,,,,,,,,,,fusilli,fusillis
fève,,"5,6","< 0,5","7,4",1,"5,8",,"< 0,01",,fève,fèves
fécule,1480,0,"0,2","86,3",,"0,55",,"0,039",0,fécule,fécules
férer,,,,,,,,,,férer,férers
févette,,,,,,,,,,févette,févettes
galanger,,,,,,,,,,galanger,galangers
galette,1630,"7,69",3,"80,5","0,73","2,9",,"0,54",,galette,galettes
gambas,,,,,,,,,,gambas,gambass
ganache,1160,"3,8","16,8","26,2","24,1",3,,"10,9",,ganache,ganaches
gaperon,,,,,,,,,,gaperon,gaperons
garam,,"2,6","1,7","14,3","12,3","1,9",,"0,35",,garam,garams
gari,,,,,,,,,,gari,garis
gaufre,,8,"13,4","36,1","4,8","1,9",,"5,12",82,gaufre,gaufres
gaufrette,,"4,43","1,58","82,4","41,7","1,66",,"0,75",,gaufrette,gaufrettes
gavotte,,,,,,,,,,gavotte,gavottes
gelsuc,,,,,,,,,,gelsuc,gelsucs
gelée,,"5,35","6,6","66,7","30,8",1,,2,,gelée,gelées
gendarme,,19,"24,9",,,traces,,"8,56","84,6",gendarme,gendarmes
genièvre,,,,,,,,,,genièvre,genièvres
germe,,"3,87","0,7","0,91","0,2","1,9",,"0,069",0,germe,germes
gervita,,"4,5",7,16,15,traces,,"4,5",,gervita,gervitas
get,1500,25,"28,4",traces,traces,0,,"19,5",97,get,gets
gewurztraminer,,,,,,,,,,gewurztraminer,gewurztraminers
ghee,,,,,,,,,,ghee,ghees
gianduja,,,,,,,,,,gianduja,giandujas
gigot,538,20,"5,13","0,48",0,0,,"1,97","72,7",gigot,gigots
gigérine,,,,,,,,,,gigérine,gigérines
gin,1100,0,0,0,0,0,,0,0,gin,gins
gingembre,1410,"8,98","4,24","58,3","3,39","14,1",,"2,6",0,gingembre,gingembres
ginger,,,,,,,,,,ginger,gingers
gini,,,,,,,,,,gini,ginis
giraumon,,,,"3,75","1,35","2,4",,,,giraumon,giraumons
girell,,,,,,,,,,girell,girells
girofle,1390,"5,97",13,"31,6","2,38","33,9",,"3,95",0,girofle,girofles
girolle,137,"2,28","0,78","2,3","1,87","4,23",,"0,5",0,girolle,girolles
giromon,,,,,,,,,,giromon,giromons
glace,,"2,5","8,4","26,1","21,9",< 3,,"5,44","39,3",glace,glaces
glaçage,,,,,,,,,,glaçage,glaçages
glaçon,,,,,,,,,,glaçon,glaçons
glucose,,,,,,,,,,glucose,glucoses
glutamate,,,,,,,,,,glutamate,glutamates
glycérine,1400,"40,4","4,5","21,8","2,5","22,5",,"0,7","< 0,7",glycérine,glycérines
gnocchi,766,"6,34","7,88",34,"0,65","1,9",,"0,33",,gnocchi,gnocchis
gochugaru,1560,12,"17,3","29,4","10,3","27,2",,"3,26",0,gochugaru,gochugarus
gochujang,1560,12,"17,3","29,4","10,3","27,2",,"3,26",0,gochujang,gochujangs
gofio,,,,,,,,,,gofio,gofios
golden,242,"< 0,5","< 0,5","12,8","11,5","1,4",,"< 0,01",,golden,goldens
golmotte,,,,,,,,,,golmotte,golmottes
gomasio,,,,,,,,,,gomasio,gomasios
gombo,,"1,87","0,21","2,01","2,01","2,5",,"0,045",0,gombo,gombos
gomme,,,,,,,,,,gomme,gommes
gorge,1960,"11,6","47,5","0,14","0,14",0,,16,,gorge,gorges
gorgonzola,1300,"18,6","26,4",traces,"< 0,3",0,,"16,9","81,1",gorgonzola,gorgonzolas
gouda,1560,"22,8","31,5",traces,"< 0,25",0,,"20,3",103,gouda,goudas
gousse,,,,,,,,,,gousse,gousses
goyave,,"1,59","0,73","9,02","8,92","5,15",,"0,21",0,goyave,goyaves
goyavier,,,,,,,,,,goyavier,goyaviers
grain,3700,0,100,0,0,0,,"49,3",0,grain,grains
graine,1350,"15,7","14,9","12,5","12,5","39,8",,"0,48",0,graine,graines
graisse,1200,"3,28","11,9","39,4","0,69","3,9",,"2,94",0,graisse,graisses
grand-marnier,,"1,5",7,"8,45","6,6",traces,,"4,85",,grand-marnier,grand-marniers
granny,217,"< 0,5","< 0,5","10,7","10,1","2,8",,"< 0,01",,granny,grannys
granola,,,,,,,,,,granola,granolas
granulé,,"0,5",5,93,91,"0,5",,4,,granuler,granulers
grappa,,,,,,,,,,grappa,grappas
grenade,340,"1,44","1,2","14,3","13,3","2,3",,"0,07",0,grenade,grenades
grenadier,292,"15,4","0,81",traces,0,0,,"0,11","37,1",grenadier,grenadiers
grenadin,474,"15,4",4,"3,1","0,3","0,8",,"2,03","56,6",grenadin,grenadins
grenadine,,,,,,,,,,grenadine,grenadines
grer,1250,"15,5","16,7","21,5",,< 1,,"6,32","48,4",grer,grers
gressin,1800,"13,9","11,8","65,3","2,06","5,16",,"2,78",,gressin,gressins
greubon,,,,,,,,,,greubon,greubons
griotte,,"1,1","0,3","10,5","8,49","1,65",,"0,084",0,griotte,griottes
grive,,,,,,,,,,grive,grives
grondin,397,19,2,traces,0,0,,,,grondin,grondins
gros,0,0,0,0,0,0,,,,gros,gross
groseille,,"0,75","0,59","4,88",,"4,03",,"0,058",0,groseille,groseilles
gruau,,,,,,,,,,gruau,gruaus
gruyère,1770,"27,9","34,6",traces,0,0,,"19,8",105,gruyère,gruyères
guacamole,,"2,18","16,5","5,85","2,65","5,65",,"3,95","3,6",guacamole,guacamoles
guancial,,,,,,,,,,guancial,guanciaux
guigne,,,,,,,,,,guigne,guignes
guignolet,,,,,,,,,,guignolet,guignolets
guimauve,,"3,67","1,42","78,7","65,6","0,23",,"0,067",0,guimauve,guimauves
guinness,,,,,,,,,,guinness,guinnesss
gâteau,,"5,27","17,8","53,5",32,"1,75",,"5,36","85,8",gâteau,gâteaux
gélatine,1480,"86,9","0,1",0,,0,,"0,036",,gélatine,gélatines
génois,,"5,7","14,4","57,6","27,1","4,6",,"1,6",,génois,génoiss
génépi,,,,,,,,,,génépi,génépis
gésier,443,"17,3","3,75","0,6",0,0,,"1,12",240,gésier,gésiers
gîte,431,21,"1,9","0,2",,0,,"0,8",,gîte,gîtes
haché,575,"17,7","5,68","3,5","1,4","0,63",,"1,88",,haché,hachés
haddock,411,"22,6","0,73",0,0,0,,"0,13",77,haddock,haddocks
halloumi,,,,,,,,,,halloumi,halloumis
hampe,728,"21,6","9,76",traces,,0,,"4,36",,hampe,hampes
hareng,840,23,"12,1",traces,0,0,,"3,51",57,hareng,harengs
haricot,152,"1,95",,12,"0,3","13,8",,"0,25",0,haricot,haricots
harisser,,"2,72","2,9","7,3",,"5,1",,"0,47",,harisser,harissers
haut,487,"19,7","4,12",0,0,0,,"1,1",94,haut,hauts
herbe,206,"3,58","0,8","4,15","1,99","5,64",,"0,2",0,herbe,herbes
hlalem,,,,,,,,,,hlalem,hlalems
homard,385,"19,6","1,32","0,11",0,0,,"0,21",128,homard,homards
hostie,,,,,,,,,,hostie,hosties
houmou,,"8,2","23,9","7,1","1,38","5,98",,"2,48",,houmou,houmous
huil,3700,"0,21","99,9",0,0,0,,"13,5",0,huil,huils
huître,283,"8,64","1,91","3,86",traces,0,,"0,34","20,3",huître,huîtres
hydromel,,,,,,,,,,hydromel,hydromels
hypocra,,,,,,,,,,hypocra,hypocras
iceberg,,"1,01","0,18","2,45","1,48","1,15",,"0,023",0,iceberg,icebergs
igname,463,"1,49","0,14","23,6","0,49","3,9",,"0,029",0,igname,ignames
irish,,0,"0,02","15,9","15,8",0,,"0,003",0,irish,irishs
ivoire,,"6,16","34,2","57,1",56,1,,"21,3",23,ivoir,ivoirs
jalapeño,,,,,,,,,,jalapeño,jalapeños
jambon,811,"18,6",13,"0,8",0,0,,2,"56,9",jambon,jambons
jambonneau,618,"20,2","7,31","0,28","0,28",0,,"2,4",,jambonneau,jambonneaux
jarret,679,31,"4,1",traces,,0,,"1,13",50,jarret,jarrets
jaune,,"0,69","0,1","7,31","7,31","1,1",,"0,014",0,jaune,jaunes
jeune,1390,"28,3","24,2",traces,0,0,,"17,4",,jeune,jeunes
joue,992,"39,2","8,82",traces,,0,,"3,19",,joue,joues
jujube,,,,,,,,,,jujube,jujubes
julien,343,"19,2","0,44",traces,0,0,,"0,11",38,julien,juliens
jumbo,,,,,,,,,,jumbo,jumbos
jus,1050,"< 0,5","0,3","59,7","56,8","1,1",,"0,041",0,jus,juss
jägermeister,,,,,,,,,,jägermeister,jägermeisters
jésus,,,,,,,,,,jésus,jésuss
kadaif,,,,,,,,,,kadaif,kadaifs
kaki,290,"0,88","< 0,3","14,3","13,9","3,4",,"< 0,01",0,kaki,kakis
kal,,,,,,,,,,kal,kaux
kangourou,,,,,,,,,,kangourou,kangourous
kari,,,,,,,,,,kari,karis
kasha,,,,,,,,,,kasha,kashas
kechek,,,,,,,,,,kechek,kecheks
kefalotiri,,,,,,,,,,kefalotiri,kefalotiris
ketchup,420,"1,27","0,19","21,4","20,8","1,15",,"0,069",0,ketchup,ketchups
kinder,2300,"8,75","34,2","50,9","43,3","1,7",,"16,6","9,46",kinder,kinders
kiri,,"10,6","18,9","24,1","3,1","1,2",,"11,3",49,kiri,kiris
kirsch,,,,,,,,,,kirsch,kirschs
kiwi,255,"0,88","0,6",11,"8,9","2,4",,"0,13",0,kiwi,kiwis
knack,1200,"12,4","25,9","1,39","1,06","1,37",,"10,9","73,1",knack,knacks
knacki,1200,"12,7","25,9","1,46","1,09","0,27",,"9,59","64,7",knacki,knackis
kombu,905,"9,51","1,13","25,6",,"33,2",,"0,15",,kombu,kombus
kombucha,40,"< 0,5","< 0,3","1,45","1,45","< 0,5",,"< 0,01",,kombucha,kombuchas
kororimer,,,,,,,,,,kororimer,kororimers
krisproll,1680,"9,75","8,25","68,5","6,2","7,3",,"1,64",,krisproll,krisprolls
kub,,,,,,,,,,kub,kubs
kumquat,,"1,57","1,18","9,6","9,36","5,45",,"0,17",0,kumquat,kumquats
kéfir,,"3,13","3,5","4,5","3,62",0,,"2,33",14,kéfir,kéfirs
labeyrie,1140,"25,7","18,8","0,15","0,14","0,4",,"7,26",132,labeyrie,labeyries
lactaire,,,,,,,,,,lactaire,lactaires
lait,273,"3,25","3,63","4,85","4,2",0,,"2,4","12,5",lait,laits
laitue,856,"15,9","2,03","13,8",,"34,4",,"0,36",,laitue,laitues
lambig,,,,,,,,,,lambig,lambigs
lambis,,,,,,,,,,lambis,lambiss
lamproie,,,,,,,,,,lamproie,lamproies
langoust,449,"21,8","1,52","1,3",0,0,,"0,26",80,langoust,langousts
langoustine,,"20,9","0,98",,,0,,"0,14",149,langoustine,langoustines
langre,1170,"16,4","23,8",traces,"< 0,2",traces,,"16,9","89,3",langre,langres
langue,,"5,66","10,7","77,9","40,3","1,86",,"6,85",67,langue,langues
lapin,697,"20,5","9,2","0,5",,0,,"3,42","75,9",lapin,lapins
lard,3330,"2,92","88,7",0,0,0,,"32,2",57,lard,lards
lardon,1340,"23,8","24,5",2,,0,,"12,6","80,6",lardon,lardons
lasagne,749,7,"10,2",14,"2,3","1,4",,"5,23","25,6",lasagne,lasagnes
lasagnette,,,,,,,,,,lasagnette,lasagnettes
laurier,1480,"7,61","8,36","48,6","48,6","26,3",,"2,28",0,laurier,lauriers
lavande,,,,,,,,,,lavande,lavandes
leerdammer,,,,,,,,,,leerdammer,leerdammers
leffe,,,,,,,,,,leffe,leffes
lemon,,,,,,,,,,lemon,lemons
lentille,,"26,1","1,9","48,3","1,4","12,1",,"0,32",,lentill,lentills
lentin,258,"1,56","0,22","12,3","3,84","2,1",,"0,05",0,lentin,lentins
levain,1090,"8,13","1,3","53,1","2,4","2,1",,"0,2",,levain,levains
levure,,"8,3","1,9","11,9",0,"7,15",,"0,26",0,levure,levures
lier,,,,,,,,,,lier,liers
lieu,425,"24,4","< 0,5",traces,0,0,,"< 0,01","70,1",lieu,lieux
lillet,311,"0,75","< 0,5","16,6","15,5",1,,"< 0,01","< 0,13",lillet,lillets
limande,380,"17,4","2,27",traces,0,0,,"0,12",73,limande,limandes
lime,,"0,35","0,57",,,,,,,lime,limes
limonade,,"0,04","0,02","8,45","8,45",traces,,0,0,limonade,limonades
limoncello,,,,,,,,,,limoncello,limoncellos
lingue,338,"18,9","0,44",traces,0,0,,"0,095","51,9",lingue,lingues
linguine,,,,,,,,,,linguine,linguines
liqueur,1380,"0,1","0,3","39,6","35,3",0,,"0,083",0,liqueur,liqueurs
liseron,,"0,44","0,023",,,,,,,liseron,liserons
litchi,344,"1,13","< 0,5","16,1","15,7",2,,"< 0,01",0,litchi,litchis
livarot,1260,"24,1","22,6",traces,"< 0,2",0,,"15,3","77,3",livarot,livarots
livèche,,,,,,,,,,livèche,livèches
lièvre,466,"21,6","2,67",0,0,0,,"0,93",60,lièvre,lièvres
longanisse,,,,,,,,,,longanisse,longanisses
longer,649,"23,3","6,81",traces,0,0,,"1,26",38,longer,longers
lotte,285,"15,1","0,74",traces,0,"< 0,2",,"0,2",25,lotte,lottes
lotus,,,,,,,,,,lotus,lotuss
lou,,,,,,,,,,lou,lous
loup,414,"20,1","1,94",traces,0,0,,"0,49","58,1",loup,loups
lupini,,,,,,,,,,lupini,lupinis
lécithine,3210,0,83,8,"3,3",traces,,"12,6",0,lécithine,lécithines
légume,292,"6,4",3,"3,6","2,59","1,4",,"0,46","30,8",légume,légumes
m&m',2110,"5,49","24,3",65,"57,4","1,98",,15,"12,1",m&m,m&ms
maasdam,1500,25,"28,4",traces,traces,0,,"19,5",97,maasdam,maasdams
macaron,,10,"21,2","49,7","45,2","2,9",,"4,46","19,3",macaron,macarons
macaroni,,,,,,,,,,macaroni,macaronis
macis,,,,,,,,,,macis,maciss
macreus,619,"27,3","4,2",traces,,0,,"1,59",,macreus,macreuss
macédoine,170,"2,32","0,28","5,59","1,73","3,16",,"0,076",0,macédoine,macédoines
madeleine,,"5,6","25,5","52,6","27,4","0,8",,"15,7",163,madeleine,madeleines
madère,,"0,6","2,2","3,6","1,9","0,5",,"1,1",,madère,madères
magret,928,"26,7","12,8",traces,0,0,,"2,46",106,magret,magrets
mahi,,,,,,,,,,mahi,mahis
malabar,,,,,,,,,,malabar,malabars
malibu,,,,,,,,,,malibu,malibus
malte,,"9,9","5,03","79,4","78,5",,,"2,38",1,malte,maltes
manchego,,,,,,,,,,manchego,manchegos
mandarine,200,"0,81","< 0,5","9,17","8,6","1,7",,"< 0,01",0,mandarine,mandarines
mangoustan,,,,,,,,,,mangoustan,mangoustans
mangue,314,"0,63","< 0,5","14,3","12,9","1,6",,"< 0,01",0,mangue,mangues
maniguette,,,,,,,,,,maniguette,maniguettes
manioc,561,"0,69","0,043",32,,"0,4",,,,manioc,maniocs
manouri,,,,,,,,,,manouri,manouris
manzana,,,,,,,,,,manzana,manzanas
maquereau,949,"21,5","15,8",traces,0,0,,"4,44","81,8",maquereau,maquereaux
marasquin,,,,,,,,,,marasquin,marasquins
marc,,,,,,,,,,marc,marcs
marcassin,,,,,,,,,,marcassin,marcassins
margarine,2600,"0,13",70,"0,24","0,24",0,,"29,2","5,6",margarine,margarines
marier,,,,,,,,,,marier,mariers
marjolaine,1140,"12,7","7,04","20,3","4,09","40,3",,"0,53",0,marjolaine,marjolaines
marlin,,,,,,,,,,marlin,marlins
marmelade,1050,"< 0,5","0,4","59,3","56,9","1,5",,"0,14",0,marmelade,marmelades
maroilles,1450,"20,8","29,5",traces,,0,,"17,3",,maroilles,maroilless
maronsui',872,"2,13","6,5","34,4","28,3","1,1",,"4,52","15,7",maronsui,maronsuis
marron,1370,"0,94","< 0,5","79,5","56,6","0,9",,"< 0,01",,marron,marrons
mars,,,,,,,,,,mars,marss
marsala,887,"0,1",0,"27,9","27,9",0,,0,0,marsala,marsalas
marshmallow,,"3,67","1,42","78,7","65,6","0,23",,"0,067",0,marshmallow,marshmallows
martini,,,,,,,,,,martini,martinis
mascarpone,,"4,29",39,4,4,0,,"25,7",123,mascarpone,mascarpones
massala,,"2,6","1,7","14,3","12,3","1,9",,"0,35",,massala,massalas
massalé,,,,,,,,,,massalé,massalés
massepain,,,,,,,,,,massepain,massepains
mastell,,,,,,,,,,mastell,mastells
matière,1940,"6,58","19,8","62,1","2,49","5,19",,"1,94","1,01",matière,matières
maton,,,,,,,,,,maton,matons
maury,,,,,,,,,,maury,maurys
mayonnaise,,"1,36","75,2","2,62","1,03","0,32",,"7,27",70,mayonnaise,mayonnaises
maïs,2030,11,"23,8","52,6","0,57","8,1",,"9,85","3,3",maïs,maïss
maïzena,,,,,,,,,,maïzena,maïzenas
melfor,,,,,,,,,,melfor,melfors
melloukhia,,"1,13",21,"0,2",,"8,4",,,,melloukhia,melloukhias
melon,265,"1,13","< 0,5","14,8","10,6","1,3",,"< 0,01",0,melon,melons
melonade,,,,,,,,,,melonade,melonades
menthe,240,"3,52","0,84","5,3","5,3","7,4",,"0,22",0,menthe,menthes
merguez,1180,"13,1","11,4",31,"2,92","1,81",,"5,2","28,5",merguez,merguezs
meringue,,"4,06","< 0,5","94,3","94,3","< 0,5",,"< 0,01",0,meringue,meringues
merlan,417,23,"0,7",traces,0,0,,"0,13",55,merlan,merlans
merlu,472,"21,2",3,traces,0,0,,"0,92","77,4",merlu,merlus
merluchon,,,,,,,,,,merluchon,merluchons
mesclun,,2,0,"2,5",0,2,,0,,mesclun,mescluns
metton,,,,,,,,,,metton,mettons
michoko,,,,,,,,,,michoko,michokos
mie,1140,"9,66","5,41","43,6","4,42","5,74",,"1,15","< 0,5",mie,mies
miel,,"0,56",0,"81,7","79,8",0,,0,0,miel,miels
miette,,"18,3","3,8",,,0,,"1,14",115,miette,miettes
mignonett,474,"15,4",4,"3,1","0,3","0,8",,"2,03","56,6",mignonett,mignonetts
mikado,,,,,,,,,,mikado,mikados
mil,487,"3,76",1,"22,4","0,13","1,3",,"0,17",0,mil,mils
millet,1480,"10,2","4,1","63,2","0,5","9,7",,"0,76",,millet,millets
mimolette,1290,"24,4","23,4",traces,"< 0,25",0,,"16,8",67,mimolette,mimolettes
mincemeat,,,,,,,,,,mincemeat,mincemeats
mini,1610,"11,2","3,13","74,4","2,02","4,32",,"1,4",,mini,minis
mirabelle,325,"0,63","< 0,5",18,"13,3","2,2",,"< 0,01",,mirabelle,mirabelles
mirin,,,,,,,,,,mirin,mirins
miso,,"11,7","5,31","18,1","6,2","5,4",,"1,01",0,miso,misos
mizithra,,,,,,,,,,mizithra,mizithras
mizuna,,,,,,,,,,mizuna,mizunas
mloukhia,,,,,,,,,,mloukhia,mloukhias
moelle,,,,,,,,,,moelle,moelles
mogette,,,,,,,,,,mogette,mogettes
molokheya,,,,,,,,,,molokheya,molokheyas
monbazillac,,,,,,,,,,monbazillac,monbazillacs
mont,1260,"18,5","25,4",traces,traces,0,,"16,3",,mont,monts
montepulciano,,,,,,,,,,montepulciano,montepulcianos
monterey,,,,,,,,,,monterey,montereys
morbier,1480,"22,4","29,2",traces,traces,0,,"19,2",89,morbier,morbiers
morille,102,"3,16","0,54","0,1","0,044","3,35",,"0,16",,morille,morilles
mortadelle,1260,15,"26,7","1,4",0,0,,"10,6","72,5",mortadelle,mortadelles
morue,871,"47,6","1,67",traces,0,0,,"0,31",105,morue,morues
moscatel,,,,,,,,,,moscatel,moscatels
moule,457,"17,2","2,09","5,12",,0,,"0,37","52,1",moul,mouls
mouloukhia,,,,,,,,,,mouloukhia,mouloukhias
mousse,1270,"6,39","18,6","25,6","21,5","3,8",,"15,4",,mousse,mousses
mousseron,,,,,,,,,,mousseron,mousserons
mousseux,,"0,2",0,"5,1","5,1",0,,0,0,mousseux,mousseuxs
moutarde,632,"6,92","9,9","2,2","2,2","4,5",,"0,61","5,44",moutarde,moutardes
mouton,550,"12,8","6,83","4,5","2,4",< 1,,"2,73","57,8",mouton,moutons
mouzillon,,,,,,,,,,mouzillon,mouzillons
mozzarella,949,"16,1","17,7","0,75","0,7",0,,"11,7",79,mozzarella,mozzarellas
moût,,"0,72","0,16","15,7","15,5","0,9",,"0,054",0,moût,moûts
muesli,1760,"7,49","12,2","66,6","25,9","6,4",,"5,04","1,76",muesli,mueslis
muffin,949,"11,6","1,88","39,6","4,25","3,18",,"0,42",,muffin,muffins
mulet,602,"24,8","4,86",traces,0,0,,"1,43",63,mulet,mulets
munster,1430,"20,7",29,traces,0,0,,"18,8",96,munster,munsters
murène,,,,,,,,,,murène,murènes
musc,,,,,,,,,,musc,muscs
muscade,2080,"6,26","36,3","28,5","2,99","20,8",,"25,9",0,muscade,muscades
muscadet,,,,,,,,,,muscadet,muscadets
muscat,381,"0,69","< 0,5",20,"19,6","2,7",,"< 0,01",,muscat,muscats
muscovado,,,,,,,,,,muscovado,muscovados
museau,637,"26,2","5,17",0,,traces,,,,museau,museaux
myrtille,244,"0,87","0,33","10,6","9,96","2,4",,"0,028",0,myrtill,myrtills
mâch,"70,1",2,"< 0,5","0,5",traces,"2,3",,"< 0,01",0,mâch,mâchs
mélange,1440,"12,4","10,4","37,7","2,14","25,9",,"4,84",0,mélange,mélanges
mélasse,,0,"0,1","74,7","74,7",0,,"0,018",0,mélasse,mélasses
méliss,,,,,,,,,,méliss,mélisss
mérou,349,"18,6","0,86",traces,0,0,,"0,2",37,mérou,mérous
mûre,198,"1,13","0,7","6,53","6,1","5,2",,"0,07",0,mûre,mûres
nage,,,,,,,,,,nage,nages
nappage,2320,"7,81","36,1","45,3","39,5","7,39",,"22,3","11,5",nappage,nappages
nashi,,,,,,,,,,nashi,nashis
navarin,554,"8,05","8,61",5,"0,9","1,65",,"1,4","40,3",navarin,navarins
naveline,,"0,9","0,2","3,8","2,9","2,2",,"0,008",0,naveline,navelines
navet,,"0,9","0,2","3,8","2,9","2,2",,"0,008",0,navet,navets
navette,,"0,9","0,2","3,8","2,9","2,2",,"0,008",0,navette,navettes
nectarine,,"1,16","0,31","8,9","7,89","1,7",,"0,025",0,nectarine,nectarines
nem,904,"6,48","11,2","21,1","3,02","2,54",,"2,9",28,nem,nems
nesquik,,,,,,,,,,nesquik,nesquiks
neuchâtel,,,,,,,,,,neuchâtel,neuchâtels
neufchâtel,1200,"18,1","23,9",traces,,0,,20,84,neufchâtel,neufchâtels
niébé,,,,,,,,,,niébé,niébés
njuda,,,,,,,,,,njuda,njudas
noilly,,,,,,,,,,noilly,noillys
noisette,,17,"56,9","7,16","4,9","11,6",,"4,75",0,noisette,noisettes
noix,376,"17,5","0,7","3,1",0,0,,"0,3",,noix,noixs
nopal,,,,,,,,,,nopal,nopaux
nori,1060,"31,5","1,63","10,5",,"36,3",,,,nori,noris
nougat,1100,"4,83","15,2","25,3","20,5","2,76",,11,"22,7",nougat,nougats
nougatine,,,,,,,,,,nougatine,nougatines
nouille,612,"3,06","0,41","31,8","< 0,2","0,8",,"0,076","0,75",nouille,nouilles
nugget,1000,"13,1","13,2","16,2","1,07","1,7",,"2,42","52,1",nugget,nuggets
nuoc,573,"1,38","< 0,5","31,2","30,9","< 0,25",,"< 0,01",,nuoc,nuocs
nutella,,"5,02","32,4","57,9","56,2","3,23",,"9,18",0,nutella,nutellas
nèfle,,,,,,,,,,nèfle,nèfles
oeillet,,,,,,,,,,oeillet,oeillets
oeuf,2320,"7,81","36,1","45,3","39,5","7,39",,"22,3","11,5",oeuf,oeufs
oie,961,29,"12,7",0,,0,,,96,oie,oies
oignon,169,"1,56","< 0,3","6,73",5,"2,8",,"< 0,01",,oignon,oignons
oiseau,779,21,"11,4",traces,,0,,"4,18",102,oiseau,oiseaux
oka,,,,,,,,,,oka,okas
okara,,,,,,,,,,okara,okaras
okay,0,0,0,0,0,0,,0,0,okay,okays
olive,,"1,49","19,5","0,05",0,"6,97",,"2,35","0,35",olive,olives
ombl,436,"19,8","2,7",traces,0,0,,"2,2",48,ombl,ombls
onglet,717,23,"8,8",traces,,0,,,76,onglet,onglets
orange,192,"0,75","< 0,5","8,03","7,6","2,7",,"< 0,01",0,orange,oranges
orangeade,,,,,,,,,,orangeade,orangeades
orangeat,,,,,,,,,,orangeat,orangeats
orangette,,,,,,,,,,orangette,orangettes
orangina,198,"0,067","0,028","11,3","9,92",traces,,traces,0,orangina,oranginas
orecchiette,,,,,,,,,,orecchiette,orecchiettes
oreille,951,"22,5","15,1","0,6",,0,,"5,39",82,oreille,oreilles
oreo,,"6,47","25,9",59,"31,5","3,38",,"12,9","17,3",oreo,oreos
orge,500,"2,42","0,44","24,4","0,28","3,8",,"0,093",0,orge,orges
origan,1100,9,"4,28","26,4","4,09","42,5",,"1,55",0,origan,origans
ormeau,422,"14,4","0,83","8,69",0,0,,"0,15",85,ormeau,ormeaux
oronge,"97,2",2,"0,3","2,45",1,"1,7",,"0,07",0,oronge,oronges
orphie,558,20,"5,91",traces,0,0,,"1,81",82,orphie,orphies
ortie,,,,,,,,,,ortie,orties
orzo,,,,,,,,,,orzo,orzos
oréo,,,,,,,,,,oréo,oréos
os,992,"21,6","16,8","0,3",0,0,,"5,98",62,os,oss
oseille,,"1,84","0,65","1,6","1,54","1,8",,"0,1",0,oseille,oseilles
ossau,1780,"23,8",37,traces,0,0,,"24,4","94,4",ossau,ossaus
osso,406,"11,2","4,08","3,5","1,1","0,6",,"0,8",26,osso,ossos
ouassou,,,,,,,,,,ouassou,ouassous
oursin,,,,,,,,,,oursin,oursins
ourson,,"3,67","1,42","78,7","65,6","0,23",,"0,067",0,ourson,oursons
ouzo,,,,,,,,,,ouzo,ouzos
pageot,,,,,,,,,,pageot,pageots
paille,1490,"17,1","32,3",traces,,0,,,,paille,pailles
pain,,"1,41","7,32","7,5","3,68","3,34",,"0,88","< 0,7",pain,pains
pak,,"1,38","0,2","1,65","1,18","1,05",,"0,031",0,pak,paks
paleron,1050,"36,8","11,4","0,2",0,0,,"4,5",113,paleron,palerons
palet,,"5,13",8,32,"21,5","3,4",,"4,79","68,4",palet,palets
palette,868,"24,8","12,1",traces,,0,,"4,57","71,1",palette,palettes
palombe,,,,,,,,,,palombe,palombes
palourd,420,"16,2","1,48","5,33",0,0,,"0,14","50,5",palourd,palourds
pamplemousse,169,"< 0,5","< 0,5","8,02","6,6","0,8",,"< 0,01",0,pamplemousse,pamplemousses
panais,383,"1,94","0,5","16,6","6,2","5,6",,"0,13",,panais,panaiss
pancake,,,,,,,,,,pancake,pancakes
pancetta,1420,"20,2","28,8","0,75","0,43",0,,"12,5","75,2",pancetta,pancettas
pandan,,,,,,,,,,pandan,pandans
pandoro,,,,,,,,,,pandoro,pandoros
panettone,,,,,,,,,,panettone,panettones
panga,335,"17,5",1,traces,0,0,,"0,51","40,8",panga,pangas
pangasiu,276,"13,5","1,27",traces,0,0,,"0,47","29,8",pangasiu,pangasius
panko,1560,"12,7","3,77",70,"6,9","4,5",,"0,94",0,panko,pankos
pann,1410,"7,25",24,"21,7","1,9","3,4",,"5,28","49,3",pann,panns
panse,,,,,,,,,,panse,panses
pansette,,,,,,,,,,pansette,pansettes
panure,,,,,,,,,,panure,panures
papaye,178,"0,75","< 0,3","8,53","8,1","1,8",,"< 0,01",0,papaye,papayes
papier,,,,,,,,,,papier,papiers
papiller,,,,,,,,,,papiller,papillers
pappardelle,,,,,,,,,,pappardell,pappardells
papriker,1320,"14,1","12,9","19,1","10,3","34,9",,"2,14",0,papriker,paprikers
pariétair,,,,,,,,,,pariétair,pariétairs
parmesan,1700,"30,5",31,traces,traces,0,,"20,6","95,3",parmesan,parmesans
parmigiano,110,"0,9","< 0,5","3,8","3,7","2,6",,"< 0,0002",< 700,parmigiano,parmigianos
parppardell,,,,,,,,,,parppardell,parppardells
parure,,,,,,,,,,parure,parures
passata,,,,,,,,,,passata,passatas
passe-pierre,1230,"18,5","24,5",traces,,0,,"16,8","99,7",passe-pierre,passe-pierres
passetougrain,,,,,,,,,,passetougrain,passetougrains
passoa,,,,,,,,,,passoa,passoas
pastis,1140,0,0,"2,86",0,0,,0,0,pastis,pastiss
pastrami,,,,,,,,,,pastrami,pastramis
pastèqu,165,"0,69","< 0,5","8,33","7,9","0,5",,"< 0,01",0,pastèqu,pastèqus
patate,265,"1,69","0,15","12,2","6,11","2,9",,"0,042",0,patate,patates
patidou,,,,,,,,,,patidou,patidous
patrell,,,,,,,,,,patrell,patrells
paupiette,801,"14,5","13,8","2,6","0,41","0,2",,"5,45","63,3",paupiette,paupiettes
pavot,2280,"19,7","43,1","13,7","2,99","14,8",,"4,69",0,pavot,pavots
pavé,805,25,"10,3",traces,0,0,,,,pavé,pavés
peau,383,"1,06","< 0,5","19,7","15,6","2,7",,"< 0,01",0,peau,peaux
pecorino,,,"28,8",traces,0,0,,"18,3",104,pecorino,pecorinos
pectine,,,,,,,,,,pectine,pectines
peepermint,,,,,,,,,,peepermint,peepermints
penn,,,,,,,,,,penn,penns
pensée,,,,,,,,,,pensée,pensées
pepino,,,,,,,,,,pepino,pepinos
pepperoni,,,,,,,,,,pepperoni,pepperonis
perche,349,"19,1","0,68",traces,0,0,,"0,22","63,7",perche,perches
perdreau,,,,,,,,,,perdreau,perdreaux
perdrix,,,,,,,,,,perdrix,perdrixs
perle,500,"2,42","0,44","24,4","0,28","3,8",,"0,093",0,perle,perles
perrier,0,0,0,0,0,0,,0,0,perrier,perriers
persil,180,"3,71","0,63","3,48","0,95","4,3",,"0,1",0,persil,persils
persillade,1170,"9,56","24,8","4,43","0,3","1,26",,"16,6","88,5",persillade,persillades
pesto,1530,"3,94","35,4","6,6","3,2","2,5",,"4,39","18,2",pesto,pestos
petit,392,"6,56","2,8","9,34","9,3",1,,"1,79","11,7",petit,petits
petit-épeautre,1430,"15,6","2,43","59,5","6,68","10,7",,"0,41",0,petit-épeautre,petit-épeautres
philadelphia,,,,,,,,,,philadelphia,philadelphias
philadephia,,,,,,,,,,philadephia,philadephias
physalis,,,,,,,,,,physalis,physaliss
piadina,,,,,,,,,,piadina,piadinas
piball,,,,,,,,,,piball,piballs
piccalilli,,,,,,,,,,piccalilli,piccalillis
pickle,,,,,,,,,,pickle,pickles
picodon,1320,"20,3",26,traces,"< 0,5",0,,"19,2",137,picodon,picodons
picon,,,,,,,,,,picon,picons
pied,769,"19,1",12,traces,,0,,,,pied,pieds
pied-de-mouton,848,"18,1","14,6",traces,,0,,,,pied-de-mouton,pied-de-moutons
pigeon,887,"23,9",13,0,0,0,,"3,74",116,pigeon,pigeons
pigeonneau,,,,,,,,,,pigeonneau,pigeonneaux
pignon,,"16,2",65,"6,31","5,21",10,,"5,53",0,pignon,pignons
pil,,,,,,,,,,pil,pils
pili,,,,,,,,,,pili,pilis
pilon,648,"18,4","9,05",0,0,0,,"2,49",88,pilon,pilons
piment,,"1,87","0,32","7,7","5,3","1,65",,"0,031",0,piment,piments
pimiento,,,,,,,,,,pimiento,pimientos
pimprenelle,,,,,,,,,,pimprenelle,pimprenelles
pineau,,5,"23,3","29,8","9,9","2,45",,"13,4",,pineau,pineaux
pinot,381,"0,69","< 0,5",20,"19,6","2,7",,"< 0,01",,pinot,pinots
pintade,601,"22,8","5,75",0,0,0,,"1,55","68,5",pintade,pintades
pintadeau,,,,,,,,,,pintadeau,pintadeaux
pipe,,,,,,,,,,pipe,pipes
piperade,,"1,1","3,8","6,5","4,9","3,4",,2,"2,09",piperade,piperades
piquillo,,,,,,,,,,piquillo,piquillos
pisang,,,,,,,,,,pisang,pisangs
pisco,,,,,,,,,,pisco,piscos
pissenlit,,"2,91","0,85","6,1","0,71","2,7",,"0,17",0,pissenlit,pissenlits
pistache,,"21,7","47,4","18,6","7,74","10,1",,"5,52",0,pistache,pistaches
pistille,1490,"11,4","5,85","61,5","42,4","3,9",,"1,59",0,pistill,pistills
pistou,134,2,"0,5","4,1","< 0,25","1,5",,"0,2",,pistou,pistous
pitaya,,,,,,,,,,pitaya,pitayas
pizza,979,"10,8","8,39","27,3","2,93","2,38",,"3,93","20,8",pizza,pizzas
planter,,,,,,,,,,planter,planters
plat,1130,"37,3","13,3",0,0,0,,"5,58",66,plat,plats
pleurote,107,"3,06","0,36","1,5","0,71","2,4",,"0,062",0,pleurote,pleurotes
plier,1010,"13,4","16,8","8,86",,1,,2,60,plier,pliers
plum,,"2,66","7,45","7,03","3,83","1,68",,"2,86","12,8",plum,plums
pointe,,,,,,,,,,pointe,pointes
poire,,"0,3","0,12","14,5","12,1","1,23",,"0,002",0,poire,poires
poireau,114,"2,56","< 0,3","2,23","1,8","3,4",,"< 0,01",,poireau,poireaux
poiré,,"0,49","0,27","10,9","9,01","2,9",,"0,067",0,poiré,poirés
pois,618,"8,31",3,"17,7","0,3","8,2",,"0,46",,pois,poiss
poisson,604,"23,5","5,52",0,0,0,,"1,21","57,5",poisson,poissons
poitrine,794,"29,8","7,78",0,0,0,,"2,19",84,poitrine,poitrines
poivre,1480,"10,1","34,6","1,45",,traces,,,,poivr,poivrs
poivron,151,"0,94","< 0,3","6,53","6,1",2,,"< 0,01",,poivron,poivrons
polenta,328,"1,38","< 0,3","16,9","0,1","1,6",,"< 0,01","2,28",polenta,polentas
pomelo,,"0,76","0,04","8,62",,1,,,0,pomelo,pomelos
pomme,254,"< 0,5","< 0,5","12,8","12,3","2,9",,"< 0,01",,pomme,pommes
pommeau,,,,,,,,,,pommeau,pommeaux
pommette,,,,,,,,,,pommette,pommettes
pomélo,,"0,76","0,04","8,62",,1,,,0,pomélo,pomélos
pont,1360,"22,2","26,2",traces,"< 0,2",0,,"18,2","84,7",pont,ponts
pop,1770,3,"6,5","85,4",62,3,,1,,pop,pops
porc,860,"29,1","9,78","0,24",,0,,"3,52",78,porc,porcs
porcelet,,,,,,,,,,porcelet,porcelets
port-salut,,,,,,,,,,port-salut,port-saluts
porto,,,,,,,,,,porto,portos
pot-au-feu,326,"10,9","2,02","3,2","1,5","1,5",,"0,82","28,8",pot-au-feu,pot-au-feux
potatoe,732,"3,25","5,8","25,3",traces,"3,4",,"0,64","< 0,7",potatoe,potatoes
potimarron,161,"1,06","0,3","6,88","3,5","1,8",,"0,08",,potimarron,potimarrons
potiron,127,"< 0,5","< 0,3","5,66","4,8",2,,"< 0,01",,potiron,potirons
poudre,1270,"2,06","28,2","10,6","10,4",< 3,,"18,9",76,poudre,poudres
poularde,,,,,,,,,,poularde,poulardes
poule,523,"20,9","4,51",0,0,0,,"1,12",64,poule,poules
poulet,785,"24,8","9,52","0,7",0,0,,,133,poulet,poulets
poulpe,659,"29,8","2,08","4,4",0,0,,"0,45",96,poulpe,poulpes
poumon,,,,,,,,,,poumon,poumons
pourpier,,,,,,,,,,pourpier,pourpiers
pousse,,"1,61","0,15","1,9","1,15","1,25",,"0,041",0,pousse,pousses
pousse-rapière,,"1,61","0,15","1,9","1,15","1,25",,"0,041",0,pousse-rapière,pousse-rapières
poussin,,,,,,,,,,poussin,poussins
poutargue,,,,,,,,,,poutargue,poutargues
praire,420,"16,2","1,48","5,33",0,0,,"0,14","50,5",praire,praires
pralin,,"9,1","34,7","51,5","46,2","2,1",,"13,6",,pralin,pralins
praline,,"9,1","34,7","51,5","46,2","2,1",,"13,6",,praline,pralines
pralinoise,,,,,,,,,,pralinoise,pralinoises
praliné,,"9,1","34,7","51,5","46,2","2,1",,"13,6",,praliné,pralinés
prosciutto,,,,,,,,,,prosciutto,prosciuttos
prosecco,,,,,,,,,,prosecco,proseccos
protéine,600,"20,4","2,9","7,03","3,65","5,61",,"0,47",,protéine,protéines
provolone,1420,"25,1","26,6",traces,0,0,,"17,1",69,provolone,provolones
prune,,"0,66","0,29","9,92","9,92","1,5",,"0,038",0,prune,prunes
pruneau,969,"1,63","0,4","55,4","38,1","5,1",,"0,16",0,pruneau,pruneaux
prunell,,,,,,,,,,prunell,prunells
préparation,,"8,5","14,1","58,1","28,1","1,3",,"6,51","54,7",préparation,préparations
présure,,,,,,,,,,présure,présures
psyllium,,,,,,,,,,psyllium,psylliums
pulpe,110,"1,2","< 0,5","3,63","3,2","1,8",,"< 0,01",0,pulpe,pulpes
punch,,"0,6","< 0,6","17,8","17,8","< 0,5",,"< 0,00024",,punch,punchs
purée,,"1,13","0,7","59,8",43,"3,2",,0,,purée,purées
pâte,259,"< 0,63","0,1","14,4",,"0,8",,,,pâte,pâtes
pâtisson,,,,,,,,,,pâtisson,pâtissons
pâté,1350,"13,6","27,9","4,61","1,23","0,29",,"10,4",145,pâté,pâtés
pèpè,,,,,,,,,,pèpè,pèpès
pélardon,1430,"23,3","27,8",traces,0,0,,"18,6",117,pélardon,pélardons
pépite,1460,"8,56","11,2","51,6",17,3,,"0,92","42,8",pépite,pépites
pétale,0,0,0,0,0,0,,,,pétale,pétales
pêche,,"0,31","0,038","14,1","12,9","0,92",,"0,003",0,pêche,pêches
quasi,474,"15,4",4,"3,1","0,3","0,8",,"2,03","56,6",quasi,quasis
quatre-quart,,"5,94","25,6",46,"26,8","1,1",,"15,8",178,quatre-quart,quatre-quarts
quatre-quarts,,"5,94","25,6",46,"26,8","1,1",,"15,8",178,quatre-quarts,quatre-quartss
quatre-épices,1460,"6,09","8,69","50,5",,"21,6",,"2,55",0,quatre-épices,quatre-épicess
quenelle,780,"9,3","10,1","14,1","1,2","1,1",,"1,5",,quenelle,quenelles
quetsch,,,,,,,,,,quetsch,quetschs
queue,449,"21,8","1,52","1,3",0,0,,"0,26",80,queue,queues
quinoer,625,5,"1,1","27,9","0,87","3,8",,"0,14",0,quinoer,quinoers
quinquina,,,,,,,,,,quinquina,quinquinas
quorn,,,,,,,,,,quorn,quorns
racine,137,"1,1","1,1","3,4",1,"2,7",,"0,09",0,racine,racines
raclette,1430,"22,9","27,5",traces,traces,0,,"18,5","99,6",raclette,raclettes
radis,123,"0,94","< 0,3","5,52","4,3","1,2",,"< 0,01",,radis,radiss
raffaelo,,,,,,,,,,raffaelo,raffaelos
ragondin,,,,,,,,,,ragondin,ragondins
raie,415,"23,2","0,57",traces,0,0,,"0,12",67,raie,raies
raifort,,"7,5","0,7",13,,"7,5",,"0,11",0,raifort,raiforts
raisin,,"0,72","0,16","15,7","15,5","0,9",,"0,054",0,raisin,raisins
raisiner,,"0,72","0,16","15,7","15,5","0,9",,"0,054",0,raisiner,raisiners
rameau,0,0,0,0,0,0,,,,rameau,rameaux
ramen,,,,,,,,,,ramen,ramens
rapadura,,,,,,,,,,rapadura,rapaduras
ras,,,,,,,,,,ras,rass
rascalat,,,,,,,,,,rascalat,rascalats
rascass,533,"24,6","3,1",traces,0,0,,"0,61","48,9",rascass,rascasss
ratafia,,,,,,,,,,ratafia,ratafias
ratatouille,,"1,22","3,15","4,97","3,91","2,03",,"0,47","0,07",ratatouille,ratatouilles
rate,,,,,,,,,,rate,rates
ratte,,,,,,,,,,ratte,rattes
raviole,951,10,"8,3","26,8","4,4","1,9",,"4,64","36,2",raviole,ravioles
ravioli,837,"7,98","6,53","25,7","2,82","2,52",,"2,88",30,ravioli,raviolis
reblochon,1360,"19,9","27,4",traces,0,0,,"18,8","89,9",reblochon,reblochons
reine,301,"0,94","< 0,5","16,4","10,4","1,7",,"< 0,01","< 0,22",reine,reines
relish,,,,,,,,,,relish,relishs
renn,,,,,,,,,,renn,renns
requin,461,"20,8","2,91",traces,0,0,,"0,48",51,requin,requins
rhubarbe,,"0,78","0,23","1,47","1,47","2,47",,"0,053",0,rhubarbe,rhubarbes
rhum,1060,0,0,0,0,0,,0,0,rhum,rhums
rice,1660,7,"1,5",87,8,1,,"0,3",,rice,rices
ricorer,,,,,,,,,,ricorer,ricorers
ricotta,,"8,61","11,9",4,"2,25",0,,"8,08",51,ricotta,ricottas
riesling,1050,"10,2","12,6","23,7","2,25","1,2",,"6,2",,riesling,rieslings
rigatoni,,,,,,,,,,rigatoni,rigatonis
rillettes,1510,"14,9","33,4","0,99",,traces,,"9,82",101,rillettes,rillettess
rillons,,,,,,,,,,rillons,rillonss
ris,572,21,"5,8",0,0,0,,"1,65",275,ris,riss
risotto,817,"5,93","5,16","30,9","0,58","0,7",,"2,49",,risotto,risottos
riz,1690,"7,51","6,77",75,"24,4","4,98",,"2,42","0,85",riz,rizs
rocamadour,1140,"17,5","22,6",traces,"< 0,14",0,,"17,1","65,5",rocamadour,rocamadours
rognon,701,26,7,0,0,0,,"2,14",396,rognon,rognons
romain,,"1,24","0,3","1,2","1,19","2,1",,"0,04",0,romain,romains
romarin,1350,"4,88","15,2","21,5",,"42,6",,"7,37",0,romarin,romarins
rooibo,,,,,,,,,,rooibo,rooibos
roquefort,1600,"19,1","33,9",traces,traces,0,,"24,9","74,7",roquefort,roqueforts
roquette,,"2,58","0,66","2,1","2,05","1,6",,"0,086",0,roquette,roquettes
rosbif,494,"21,9","3,16","0,3",,0,,"0,62","18,1",rosbif,rosbifs
rose,,"0,77","0,14","6,2","6,2","1,6",,"0,021",0,rose,roses
rosette,1580,"24,2","30,7","1,79","1,46",traces,,"11,8","97,7",rosette,rosettes
roucaou,,,,,,,,,,roucaou,roucaous
roucoulon,1380,"17,8",29,traces,0,0,,"18,5",68,roucoulon,roucoulons
roudor,,,,,,,,,,roudor,roudors
rouelle,1110,"36,9","13,1",traces,,0,,,,rouelle,rouelles
rouget,602,"24,1","5,2",traces,0,0,,"0,73","63,9",rouget,rougets
rouille,,"1,1","41,4",1,,0,,"5,7",,rouille,rouilles
rouleau,437,"4,57","1,82","16,6","3,6","1,2",,"0,66","13,9",rouleau,rouleaux
rouy,,,,,,,,,,rouy,rouys
rue,,,,,,,,,,rue,rues
rumsteak,,,,,,,,,,rumsteak,rumsteaks
rumsteck,482,"22,5","2,5","0,4",0,0,,"0,78",63,rumsteck,rumstecks
rutabaga,,"0,93","0,18","4,26","3,95","1,8",,"0,029",0,rutabaga,rutabagas
râble,466,"21,6","2,67",0,0,0,,"0,93",60,râbl,râbls
régliss,,,,,,,,,,régliss,réglisss
rôti,689,"30,5","4,31","0,65",0,0,,"1,32","65,5",rôti,rôtis
rösti,,,,,,,,,,rösti,röstis
sablé,,"8,38","22,9","59,4",,"3,3",,,98,sablé,sablés
sabodet,,,,,,,,,,sabodet,sabodets
sabre,524,18,"5,9",traces,0,0,,"0,94",,sabre,sabres
sachet,169,"1,35","1,4","4,93","1,5","1,34",,"0,55",0,sachet,sachets
safran,1490,"11,4","5,85","61,5","42,4","3,9",,"1,59",0,safran,safrans
saindoux,3680,0,"99,5",0,0,0,,"41,1",95,saindoux,saindouxs
saint,,"7,49","21,2","1,4","1,4",0,,"11,4","55,9",saint,saints
saint-felicien,1170,"13,1","25,2",traces,0,0,,18,"81,3",saint-felicien,saint-feliciens
saint-florentin,2150,"9,31","28,7","50,7","44,1","7,6",,"10,8","21,4",saint-florentin,saint-florentins
saint-marcellin,1160,"14,8","24,3",traces,"< 0,2",0,,"18,1","93,4",saint-marcellin,saint-marcellins
saint-nectair,1390,"22,3",27,traces,"< 0,5",0,,"17,8",,saint-nectair,saint-nectairs
saint-paulin,1370,"21,8","26,4",traces,traces,0,,"17,9","89,5",saint-paulin,saint-paulins
saint-pierre,1230,"18,5","24,5",traces,,0,,"16,8","99,7",saint-pierre,saint-pierres
sainte-maure,1230,"19,2","24,2",traces,,0,,"18,7",,sainte-maur,sainte-maurs
saka,,,,,,,,,,saka,sakas
sakura,1100,"7,7","2,6","51,1","1,8",1,,"0,8",,sakura,sakuras
saké,552,0,0,5,0,0,,0,0,saké,sakés
salade,,"1,9","0,4","3,63","1,25",2,,"0,052",0,salade,salades
salami,1870,"17,7","41,8","1,05","< 0,2",traces,,"16,2","95,9",salami,salamis
salers,1620,"25,4","31,4",traces,"< 0,2",0,,20,103,salers,salerss
salicorne,,"0,67","0,24","1,1",,"2,46",,,,salicorne,salicornes
salpicão,,,,,,,,,,salpicão,salpicãos
salpêtre,,,,,,,,,,salpêtre,salpêtres
salsifis,243,"2,63","< 0,3","9,29","2,3","4,5",,"< 0,01",,salsifis,salsifiss
sambal,,,,,,,,,,sambal,sambaux
sancerre,,,,,,,,,,sancerre,sancerres
sandre,351,"18,3","1,08",traces,0,0,,"0,21","70,3",sandre,sandres
sang,349,"19,5","0,12","0,8","0,8",0,,"0,04",190,sang,sangs
sanglier,643,"28,3","4,38",0,0,0,,"1,3",77,sanglier,sangliers
sangria,,0,"0,05","10,3","9,5",0,,0,,sangria,sangrias
sanguin,,"0,63","0,1","10,2","9,75","0,68",,"0,043",0,sanguin,sanguins
sar,,,,,,,,,,sar,sars
sardine,683,"19,5","9,48",traces,0,0,,"2,4","78,9",sardine,sardines
sarrasin,1470,"11,5","2,19","68,4","0,03","4,2",,"0,33",0,sarrasin,sarrasins
sarriette,1090,"6,73","5,91",23,,"45,7",,"3,26",0,sarriette,sarriettes
satay,,,,,,,,,,satay,satays
saté,,,,,,,,,,saté,satés
sauce,,"1,25","43,9","7,85","5,23","0,52",,"3,59",32,sauce,sauces
sauceline,,,,,,,,,,sauceline,saucelines
saucisse,1170,"17,3",23,"0,88","0,65","0,29",,"9,44","78,5",saucisse,saucisses
saucisson,1730,"24,2","34,5","2,41","1,2","0,73",,"11,3","99,4",saucisson,saucissons
sauge,152,4,"< 0,5","0,97","0,3",7,,"< 0,01",0,sauge,sauges
saumon,743,22,"9,49","0,91",0,"< 0,25",,"2,06","72,1",saumon,saumons
saumonette,1070,"25,4","17,2",traces,0,0,,"4,11","60,1",saumonette,saumonettes
saurel,,,,,,,,,,saurel,saurels
sauté,538,20,"5,13","0,48",0,0,,"1,97","72,7",sauter,sauters
sauterelle,,,,,,,,,,sauterelle,sauterelles
sauterne,,,,,,,,,,sauterne,sauternes
savon,381,"0,69","< 0,5",20,"19,6","2,7",,"< 0,01",,savon,savons
savora,,,,,,,,,,savora,savoras
sbrinz,,,,,,,,,,sbrinz,sbrinzs
scamorza,,,,,,,,,,scamorza,scamorzas
scampi,,,,,,,,,,scampi,scampis
scarole,,"1,25","0,2","0,3","0,23","3,1",,"0,048",0,scarole,scaroles
schnaps,,,,,,,,,,schnaps,schnapss
schweppes,,"0,068","0,066","8,28","7,38","0,05",,0,0,schweppes,schweppess
scorsonère,,"3,13","0,3","15,3",,"3,3",,"< 0,1",0,scorsonère,scorsonères
seiche,323,"16,2","1,05","0,51",0,0,,"0,35",111,seiche,seiches
seigle,1450,"8,7","1,37","70,7","0,93","7,15",,"0,15",0,seigle,seigles
seitan,566,"20,6","2,5","6,74","0,81","0,9",,"0,38",,seitan,seitans
sel,0,0,0,0,0,0,,,,sel,sels
selle,979,"17,5","18,4",0,0,0,,"7,95",78,selle,selles
selles-sur-cher,1210,"18,9","23,9",traces,,0,,18,,selles-sur-cher,selles-sur-chers
semoule,510,"3,75","0,8",24,3,"1,9",,"0,25",,semoule,semoules
serpent,,,,,,,,,,serpent,serpents
serpolet,,,,,,,,,,serpolet,serpolets
serran,,,,,,,,,,serran,serrans
seven,,,,,,,,,,seven,sevens
sherry,,,,,,,,,,sherry,sherrys
shichimi,,,,,,,,,,shichimi,shichimis
shiitaké,258,"1,56","0,22","12,3","3,84","2,1",,"0,05",0,shiitaké,shiitakés
shiso,"60,7","0,94","< 0,5","1,53","1,1","1,4",,"< 0,01",0,shiso,shisos
shortbread,,,,,,,,,,shortbread,shortbreads
siave,,,,,,,,,,siave,siaves
silure,,,,,,,,,,silure,silures
sirop,,"0,04","0,06","67,1","62,6",0,,"0,007",0,sirop,sirops
skyr,,,,,,,,,,skyr,skyrs
smartie,2110,"5,49","24,3",65,"57,4","1,98",,15,"12,1",smartie,smarties
smoothie,,"0,62","0,26","12,4","11,7","1,08",,"0,17",,smoothie,smoothies
snicker,,,,,,,,,,snicker,snickers
soda,198,"0,067","0,028","11,3","9,92",traces,,traces,0,soda,sodas
soho,,,,,,,,,,soho,sohos
soja,193,"7,08","0,1","3,64","1,32","0,86",,"0,0085",0,soja,sojas
soju,,,,,,,,,,soju,sojus
sole,330,"15,7","1,69",traces,0,0,,"0,31","60,5",sole,soles
son,1160,"15,2","4,35","23,6","2,46",42,,"0,84",0,son,sons
sorbet,,"0,46","0,78","29,6",25,"1,17",,"0,45",1,sorbet,sorbets
sot,,,,,,,,,,sot,sots
soubressade,,,,,,,,,,soubressade,soubressades
soumaintrain,,,,,,,,,,soumaintrain,soumaintrains
soupe,179,"3,45","1,79","2,88","0,9","0,69",,"0,58",30,soupe,soupes
souris,538,20,"5,13","0,48",0,0,,"1,97","72,7",souris,souriss
spaghetti,,"0,66","0,26","5,06","2,53","1,4",,"0,062",0,spaghetti,spaghettis
spaghettini,,,,,,,,,,spaghettini,spaghettinis
speck,1010,"12,2","9,43","25,7","3,47","1,6",,"4,67",,speck,specks
spigol,,,,,,,,,,spigol,spigols
spiruline,,"57,5","7,72","20,3","3,1","3,6",,"2,65",0,spiruline,spirulines
sprat,777,"19,8","11,9",traces,0,0,,"3,32",87,sprat,sprats
spritz,,,,,,,,,,spritz,spritzs
spätzle,,,,,,,,,,spätzle,spätzles
spéculoo,,"5,94","19,7",69,"32,6","1,93",,"9,35",,spéculoo,spéculoos
st,0,0,0,0,0,0,,0,0,st,sts
stabilisateur,,,,,,,,,,stabilisateur,stabilisateurs
steak,858,"13,4","7,1","20,8","3,97","3,1",,"0,73",,steak,steaks
stilton,,,,,,,,,,stilton,stiltons
stollen,,,,,,,,,,stollen,stollens
stylo,504,"3,79","3,6",18,"15,3",0,,"1,76",123,stylo,stylos
stévia,993,traces,"0,2",98,"0,3","0,5",,0,,stévia,stévias
sucette,,"< 0,19","0,35","95,4","74,9","< 0,17",,"0,28",0,sucette,sucettes
sucr,753,13,"13,8","1,31","0,93",0,,"3,68",884,sucr,sucrs
sucre,,0,0,"99,8","99,8",0,,0,0,sucre,sucres
sucrette,,,,,,,,,,sucrette,sucrettes
sucrine,"75,5","1,13","< 0,3","2,58","1,78","0,8",,"< 0,01",,sucrine,sucrines
sujet,2320,"7,81","36,1","45,3","39,5","7,39",,"22,3","11,5",sujet,sujets
sumac,,,,,,,,,,sumac,sumacs
supion,,,,,,,,,,supion,supions
surimi,525,"8,31","4,92","11,8","2,1","< 0,33",,"0,46","10,8",surimi,surimis
sylvaner,,,,,,,,,,sylvaner,sylvaners
sébast,378,"18,8","1,6",traces,0,0,,"0,31","47,2",sébast,sébasts
sérac,,,,,,,,,,sérac,séracs
séré,,,,,,,,,,séré,sérés
sésame,,"20,8","49,7","9,85","0,3","14,9",,"7,09",0,sésame,sésames
sévereau,,,,,,,,,,sévereau,sévereaux
tabasco,,,,,,,,,,tabasco,tabascos
tabel,,,,,,,,,,tabel,tabels
taboulé,753,"4,88","6,7","23,7","4,9","2,5",,"0,67","0,1",taboulé,taboulés
tacaud,346,"19,7","0,33",traces,0,0,,"0,098","46,4",tacaud,tacauds
taco,,,,,,,,,,taco,tacos
tagliatelle,487,"5,32","4,07","13,6","2,64","1,9",,"1,42",11,tagliatelle,tagliatelles
tahin,,"20,3","53,4","13,8","0,49",7,,"7,48",0,tahin,tahins
tahini,,"20,3","53,4","13,8","0,49",7,,"7,48",0,tahini,tahinis
tahiné,,"20,3","53,4","13,8","0,49",7,,"7,48",0,tahiné,tahinés
takuan,,,,,,,,,,takuan,takuans
taleggio,,,,,,,,,,taleggio,taleggios
tamari,,,,,,,,,,tamari,tamaris
tamarin,,"2,65","0,6","57,4","38,8","5,1",,"0,24",0,tamarin,tamarins
tanch,,,,,,,,,,tanch,tanchs
tandoori,,"2,6","1,7","14,3","12,3","1,9",,"0,35",,tandoori,tandooris
tapenade,,"1,3",23,"2,6","0,2","3,7",,"2,7","3,2",tapenade,tapenades
tapioca,1500,"0,19","0,02","87,8","3,35","0,9",,"0,005",0,tapioca,tapiocas
tarama,2200,"6,75","54,8","3,19","0,75","0,74",,"4,61","65,2",tarama,taramas
taro,555,"0,52","0,11","29,5","0,49","5,1",,"0,023",0,taro,taros
tartare,,"0,99",55,"4,6","3,11","0,47",,"4,99","35,1",tartare,tartares
tartufater,,,,,,,,,,tartufater,tartufaters
taureau,,,,,,,,,,taureau,taureaux
tellin,,,,,,,,,,tellin,tellins
tempeh,634,"17,6","4,7","7,89","0,24","6,2",,"0,57",0,tempeh,tempehs
tendre,618,"29,8","3,03",traces,,0,,"1,03",,tendre,tendres
tendron,474,"15,4",4,"3,1","0,3","0,8",,"2,03","56,6",tendron,tendrons
thiof,,,,,,,,,,thiof,thiofs
thon,649,"23,3","6,81",traces,0,0,,"1,26",38,thon,thons
thym,446,"5,56","1,68","10,5",,14,,"0,47",0,thym,thyms
thé,"0,26",0,"0,007",0,0,0,,"0,002",0,thé,thés
tige,123,2,"0,17",3,1,4,,"0,042",0,tige,tiges
tilapia,387,"18,1","2,13",traces,0,0,,"0,56","39,5",tilapia,tilapias
tilleul,,,,,,,,,,tilleul,tilleuls
tilsit,,,,,,,,,,tilsit,tilsits
toast,971,"9,09","13,3","17,8","5,75","2,8",,"5,94","57,2",toast,toasts
toastinette,1030,"13,8","18,5","5,34","4,95",0,,"12,3",60,toastinette,toastinettes
toblerone,2220,"5,8",29,"60,5","60,1","2,9",,"17,4","25,3",toblerone,toblerones
tofu,595,"14,7","8,5","2,87","0,57","< 0,5",,"1,35",0,tofu,tofus
tokay,,,,,,,,,,tokay,tokays
tomate,231,"< 0,5","< 0,5","11,7","10,5","1,2",,"< 0,01",0,tomate,tomates
tome,1460,"21,1","29,4",traces,traces,0,,"19,4",,tome,tomes
tomme,1460,"21,1","29,4",traces,traces,0,,"19,4",,tomme,tommes
tonic,,"0,068","0,066","8,28","7,38","0,05",,0,0,tonic,tonics
topinambour,346,"1,8","0,7",16,"9,6","2,2",,0,0,topinambour,topinambours
torsade,,,,,,,,,,torsade,torsades
torsette,,,,,,,,,,torsette,torsettes
tortellini,837,"7,98","6,53","25,7","2,82","2,52",,"2,88",30,tortellini,tortellinis
tortil,,,,,,,,,,tortil,tortils
tortilla,686,"5,56","9,9","11,7","1,22","2,7",,"1,55","99,2",tortilla,tortillas
tournedos,,,,,,,,,,tournedos,tournedoss
tourteau,520,"19,5","4,29","1,79",0,0,,"0,55","73,3",tourteau,tourteaux
tout,2730,0,0,0,0,0,,0,0,tout,touts
tranche,618,"29,8","3,03",traces,,0,,"1,03",,tranche,tranches
travers,1380,"23,1","26,6","0,13",0,0,,"10,7","98,1",travers,traverss
tripe,342,"12,1","3,69",0,0,0,,"1,29",122,tripe,tripes
triple,,"1,5",7,"8,45","6,6",traces,,"4,85",,triple,triples
trompette,,"0,67","0,18","14,3","14,3","0,2",,"0,015",0,trompette,trompettes
truff,,"5,77","0,51",,"0,7","8,5",,"0,11",0,truff,truffs
truite,419,19,"2,6",traces,0,0,,"0,54",,truite,truites
trévise,,,,,,,,,,trévise,trévises
tsuyu,1080,5,23,7,"4,5","2,5",,16,,tsuyu,tsuyus
tuc,2090,"10,5","23,9",59,"5,44","3,14",,"12,1","5,9",tuc,tucs
tuil,1980,"7,8","18,1",68,"39,2","2,1",,"5,65","43,6",tuil,tuils
turbot,497,"21,3","3,64",traces,0,0,,"0,9",62,turbot,turbots
turron,,"7,88","25,2","62,5",58,"0,7",,"1,61",0,turron,turrons
tzatziki,,"6,06","10,9","3,8","2,7",traces,,"0,81","8,77",tzatziki,tzatzikis
téquila,,,,,,,,,,téquila,téquilas
tétine,,,,,,,,,,tétine,tétines
tétragone,,"1,3","0,17",1,"0,25","1,4",,"0,027",0,tétragone,tétragones
tête,720,"14,1","12,9","0,2",0,0,,"4,37",61,tête,têtes
vache,1010,"10,4","19,3","6,38",traces,0,,"12,9",81,vache,vaches
vacherin,1260,"18,5","25,4",traces,traces,0,,"16,3",,vacherin,vacherins
vanille,,"0,1","0,33",99,"97,2","0,37",,"0,053",,vanille,vanilles
vanilline,,,,,,,,,,vanilline,vanillines
veau,712,29,"5,55","0,74",,"0,053",,"1,79","87,9",veau,veaux
velours,531,"0,69","< 0,6","25,8","19,1","0,5",,0,,velours,velourss
ventrèche,,,,,,,,,,ventrèche,ventrèches
vergeois,,,,,,,,,,vergeois,vergeoiss
verjus,,,,,,,,,,verjus,verjuss
vermicelle,,"0,5",5,93,91,"0,5",,4,,vermicell,vermicells
vermouth,,"0,054",0,"11,3","11,1",0,,0,0,vermouth,vermouths
verveine,,,,,,,,,,verveine,verveines
vet,,,,,,,,,,vet,vets
viande,765,"27,2","8,04","0,24","0,011","0,0083",,3,"85,8",viande,viandes
viandox,,,,,,,,,,viandox,viandoxs
vieux,1300,"19,9","25,7",traces,traces,0,,"17,4",,vieux,vieuxs
vif,,,,,,,,,,vif,vifs
vin,,"< 0,5",0,"4,04","0,17",0,,0,0,vin,vins
vinaigre,"97,4","0,04","0,1","0,62","0,04",0,,0,0,vinaigre,vinaigres
vinaigrette,206,"1,19","0,8","5,83","5,4","4,3",,"0,13",0,vinaigrette,vinaigrettes
violette,,"2,5","0,3","2,5",,"1,8",,"0,07",0,violette,violettes
vitpris,,,,,,,,,,vitpris,vitpriss
vodka,1000,0,0,0,0,0,,0,0,vodker,vodkers
vol-au-vent,,"7,29","34,9","52,9","49,9","2,51",,"16,4","14,3",vol-au-vent,vol-au-vents
volaill,698,"27,6","5,96","0,28","0,0022","0,0013",,"1,77","99,3",volaill,volaills
vouvray,,,,,,,,,,vouvray,vouvrays
végétalin,3700,"< 0,5","99,8",0,traces,0,,"94,6",,végétalin,végétalins
vénus,,,,,,,,,,vénus,vénuss
wakame,769,"12,3","1,53","6,28",,"49,5",,,,wakame,wakames
wasa,,,,,,,,,,wasa,wasas
wasabi,,,,,,,,,,wasabi,wasabis
whisky,1050,0,0,"0,096","0,096",0,,0,0,whisky,whiskys
wonton,,,,,,,,,,wonton,wontons
wrap,1020,"9,19","1,8","44,3","2,2","6,9",,"0,52",0,wrap,wraps
xérès,,,,,,,,,,xérès,xérèss
yaourt,240,"3,8","2,3","4,73","4,67","0,86",,"1,53",12,yaourt,yaourts
yet,,,,,,,,,,yet,yets
yuzu,,,,,,,,,,yuzu,yuzus
zaatar,,,,,,,,,,zaatar,zaatars
zeste,,"0,2","0,2","82,7","82,7","1,1",,"0,02",0,zest,zests
zgougou,,,,,,,,,,zgougou,zgougous
zuccata,,,,,,,,,,zuccata,zuccatas
échalote,282,2,"0,4","12,3","3,8","2,9",,"0,12",,échalote,échalotes
échine,1230,"26,2","21,2","< 0,1",0,0,,,"58,4",échine,échines
éclat,1770,3,"6,5","85,4",62,3,,1,,éclat,éclats
écorce,,"0,29","0,08","8,79","8,79","0,18",,"0,005",,écorce,écorces
écrevisse,312,"16,3","0,7","0,56","< 0,25",0,,"0,17",116,écrevisse,écrevisses
édulcorer,,"0,18","0,037","5,47","5,25","0,11",,"0,0067",,édulcorer,édulcorers
églantine,,,,,,,,,,églantine,églantines
églefin,377,"20,9","0,6",traces,0,0,,"0,1",38,églefin,églefins
émincé,1440,16,25,"14,1",1,"0,5",,"9,5",,émincer,émincers
épaule,698,"27,6","6,17",traces,,0,,"2,07",,épaule,épaules
épeautre,1430,"15,6","2,43","59,5","6,68","10,7",,"0,41",0,épeautre,épeautres
éperlan,361,"17,5","1,7",traces,0,0,,"0,27",71,éperlan,éperlans
épi,,"3,41","1,5","18,6","4,54","2,4",,"0,2",0,épi,épis
épice,1440,"12,4","10,4","37,7","2,14","25,9",,"4,84",0,épice,épices
épigramme,,,,,,,,,,épigramme,épigrammes
épinard,117,"3,38","0,7","< 0,85",traces,"3,5",,"0,13",,épinard,épinards
épine,,,,,,,,,,épine,épines
épluchure,,,,,,,,,,épluchure,épluchures
époisse,1210,"17,4","24,5",traces,"< 0,03",traces,,"17,1","80,5",époisse,époisses
érabl,,,,,,,,,,érabl,érabls
étoile,1480,0,"0,2","86,3",,"0,55",,"0,039",0,étoile,étoiles
étrille,,,,,,,,,,étrille,étrilles
