id_ingredient,singulier,pluriel,ingredient,"Energie, N x facteur Jones, avec fibres (kJ/100 g)","Protéines, N x 6.25 (g/100 g)",Lipides (g/100g),Glucides (g/100g),Sucres (g/100g),Fibres (g/100g),Sel chlorure de sodium (g/100 g),AG saturés (g/100g),Cholestérol (mg/100g),norm_ing
00001,vin,vins,Vin,,"0,09",0,"3,29","1,37",0,,0,0,vin
00002,sucre,sucres,Sucre,,0,0,"99,8","99,8",0,,0,0,sucre
00003,maïzena,maïzenas,Maïzena,,,,,,,,,,maizena
00004,miel,miel,,,,,,,,,,,
00005,poivre,poivre,Poivre,1380,"13,3","7,5","39,5","0,64","25,7",,"2,9",0,poivre
00006,sel,sel,Sel,0,0,0,0,0,0,,,,sel
00007,clou,clous,,,,,,,,,,,
00008,magret,magrets,,,,,,,,,,,
00009,poire,poires,Poire,,"0,49","0,27","10,9","9,01","2,9",,"0,067",0,poire
00010,sirop,sirop,Sirop,,"0,04","0,06","67,1","62,6",0,,"0,007",0,sirop
00011,lait,lait,Lait,200,"3,32","1,59","4,82","4,62",0,,"1,06","5,95",lait
00012,cannelle,cannelle,Cannelle,,"5,2","3,7","59,4","37,6","2,6",,"2,11","14,8",cannelle
00013,carotte,carottes,Carotte,"78,8","0,55","0,1","2,6","1,3","2,8",,"0,019",0,carotte
00014,oignon,oignons,Oignon,169,"1,56","< 0,3","6,73",5,"2,8",,"< 0,01",,oignon
00015,romarin,romarin,Romarin,1350,"4,88","15,2","21,5",,"42,6",,"7,37",0,romarin
00016,huile,huile,Huile,3700,"0,21","99,9",0,0,0,,"13,5",0,huile
00017,beurre,beurres,Beurre,180,"1,44","0,4","7,13","6,7","2,5",,"0,15",0,beurre
00018,farine,farines,Farine,1490,"9,94","0,82","75,9","0,41","2,5",,"0,13",0,farine
00019,gros,gros,,,,,,,,,,,
00020,épaule,épaules,épaule,698,"27,6","6,17",traces,,0,,"2,07",,epaule
00021,bourgogne,bourgognes,Bourgogne,,,,,,,,,,bourgogne
00022,champignon,champignons,Champignon,"91,2","2,37","0,23","1,88","1,43","1,72",,"0,055",0,champignon
00023,sauge,sauge,Sauge,152,4,"< 0,5","0,97","0,3",7,,"< 0,01",0,sauge
00024,bouquet,bouquets,,,,,,,,,,,
00025,marc,marc,Marc,,,,,,,,,,marc
00026,quatre-épices,quatre-épices,Quatre-épices,1460,"6,09","8,69","50,5",,"21,6",,"2,55",0,quatre-epices
00027,foie,foies,Foie,695,"26,3","5,71","2,2",0,0,,"1,69",204,foie
00028,papriker,paprikers,,,,,,,,,,,
00029,Sauternes,Sauternes,Sauternes,,,,,,,,,,sauternes
00030,poivron,poivrons,Poivron,150,1,"0,6","5,33","4,9","2,2",,"0,19",,poivron
00031,coriandre,coriandre,Coriandre,"92,6","2,13","0,52","0,87","0,87","2,8",,"0,014",0,coriandre
00032,cumin,cumin,Cumin,1780,"17,8","22,3","33,7","2,25","10,5",,"1,54",0,cumin
00033,blanc de poulet,blancs de poulet,,,,,,,,,,,
00034,sucre,sucres,Sucre,,0,0,"99,8","99,8",0,,0,0,sucre
00035,citron,citrons,Citron,170,"1,13","< 0,3","3,14","2,1","4,3",,"< 0,01",0,citron
00036,ail,ails,Ail,1460,"16,7","0,77","62,8","2,43","9,45",,"0,2",0,ail
00037,sauce,sauces,,,,,,,,,,,
00038,bouillon,bouillons,Bouillon,832,"10,8","3,1","30,9","2,2",0,,"1,08","12,8",bouillon
00039,crème,crèmes,Crème,319,"3,19","4,3","5,28","4,44",< 3,,"2,88",30,creme
00040,beurre,beurres,Beurre,180,"1,44","0,4","7,13","6,7","2,5",,"0,15",0,beurre
00041,blanquette,blanquettes,,,,,,,,,,,
00042,jaune,jaunes,,,,,,,,,,,
00043,jus,jus,,,,,,,,,,,
00044,tomate,tomates,Tomate,"84,3","0,5","< 0,5","3,03","2,6","1,5",,"< 0,01",,tomate
00045,feuille,feuilles,,,,,,,,,,,
00046,poulet,poulets,Poulet,785,"24,8","9,52","0,7",0,0,,,133,poulet
00047,chevreuil,chevreuils,Chevreuil,632,"30,2","3,19",0,,0,,"1,25",112,chevreuil
00048,concentrer,concentrer,,,,,,,,,,,
00049,madère,madères,Madère,,"0,6","2,2","3,6","1,9","0,5",,"1,1",,madere
00050,thym,thym,Thym,446,"5,56","1,68","10,5",,14,,"0,47",0,thym
00051,rôti,rôtis,,,,,,,,,,,
00052,eau,eaux,Eau,0,0,0,0,0,0,,0,0,eau
00053,moutarde,moutardes,Moutarde,632,"6,92","11,2","4,33","1,66",< 1,,"0,76",0,moutarde
00054,filet,filets,,,,,,,,,,,
00055,lardon,lardons,Lardons,1340,"23,8","24,5",2,,0,,"12,6","80,6",lardons
00056,boeuf,boeufs,Boeuf,355,"8,93","3,3","4,17","1,57","1,25",,"0,88",64,boeuf
00057,fond,fonds,Fond,,"2,08","0,43","8,09","1,89","7,54",,"0,1",,fond
00058,vinaigre,vinaigres,,,,,,,,,,,
00059,paupiette,paupiettes,Paupiette,801,"14,5","13,8","2,6","0,41","0,2",,"5,45","63,3",paupiette
00060,cuisse,cuisses,,,,,,,,,,,
00061,genièvre,genièvre,Genièvre,,,,,,,,,,genievre
00062,sauté,sautés,,,,,,,,,,,
00063,gigot,gigots,,,,,,,,,,,
00064,graisse,graisses,,,,,,,,,,,
00065,côte,côtes,,,,,,,,,,,
00066,fleur,fleurs,Fleurs,"87,3","1,6","0,46","1,6","1,59",2,,"0,097",0,fleurs
00067,jarret,jarrets,,,,,,,,,,,
00068,herbe,herbes,Herbes,206,"3,58","0,8","4,15","1,99","5,64",,"0,2",0,herbes
00069,pomme,pommes,Pomme,254,"< 0,5","< 0,5","12,8","12,3","2,9",,"< 0,01",,pomme
00070,gingembre,gingembre,Gingembre,1410,"8,98","4,24","58,3","3,39","14,1",,"2,6",0,gingembre
00071,curry,curry,Curry,1230,"14,5",14,"2,63","2,63","53,2",,"1,65",0,curry
00072,escalope,escalopes,Escalope,457,"20,7","2,6","0,58",0,0,,"0,6",,escalope
00073,laurier,lauriers,Laurier,1480,"7,61","8,36","48,6","48,6","26,3",,"2,28",0,laurier
00074,ciboulette,ciboulettes,Ciboulette,124,"2,57","0,52","2,1","1,75","3,19",,"0,15",0,ciboulette
00075,langue,langues,Langue,981,"23,7","15,6",0,0,0,,"6,05",145,langue
00076,cornichon,cornichons,Cornichons,"81,9","1,06","< 0,6","0,78","0,6","1,5",,"< 0,01",0,cornichons
00077,patrell,patrells,,,,,,,,,,,
00078,harisser,harissers,,,,,,,,,,,
00079,échalote,échalotes,échalote,282,2,"0,4","12,3","3,8","2,9",,"0,12",,echalote
00080,saucisse,saucisses,Saucisse,1170,"17,3",23,"0,88","0,65","0,29",,"9,44","78,5",saucisse
00081,chou,choux,Chou,149,3,"0,8","2,03","1,6","4,3",,"0,27",,chou
00082,porc,porcs,Porc,860,"29,1","9,78","0,24",,0,,"3,52",78,porc
00083,joue,joues,Joue,992,"39,2","8,82",traces,,0,,"3,19",,joue
00084,bière,bières,Bière,,"0,63",0,"3,2",,0,,0,0,biere
00085,souris,souris,,,,,,,,,,,
00086,lentille,lentilles,Lentilles,,"9,7","0,7","16,3","0,4",6,,"0,13",,lentilles
00087,piment,piment,Piment,,"1,87","0,32","7,7","5,3","1,65",,"0,031",0,piment
00088,riz,riz,Riz,612,"3,06","0,41","31,8","< 0,2","0,8",,"0,076","0,75",riz
00089,boudin,boudins,Boudin,1020,"11,3","19,4","4,02","2,6",0,,"7,2","70,1",boudin
00090,épice,épices,épices,1440,"12,4","10,4","37,7","2,14","25,9",,"4,84",0,epices
00091,aubergine,aubergines,Aubergine,,"1,12","0,14","2,39","2,39","2,7",,"0,034",0,aubergine
00092,courgette,courgettes,Courgette,"64,9","0,93","0,36","1,4","1,39","1,5",,"0,1",0,courgette
00093,persil,persil,Persil,180,"3,71","0,63","3,48","0,95","4,3",,"0,1",0,persil
00094,tabasco,tabascos,Tabasco,,,,,,,,,,tabasco
00095,câpre,câpres,Câpres,,"2,18","0,86","3,5","0,41","3,6",,"0,23",0,capres
00096,ketchup,ketchups,Ketchup,420,"1,27","0,19","21,4","20,8","1,15",,"0,069",0,ketchup
00097,petit,petits,,,,,,,,,,,
00098,Rosbif,Rosbifs,Rosbif,494,"21,9","3,16","0,3",,0,,"0,62","18,1",rosbif
00099,chipolata,chipolatas,Chipolata,1170,"18,8","22,4","0,8","0,4",0,,"8,27","75,2",chipolata
00100,lard,lards,Lard,3330,"2,92","88,7",0,0,0,,"32,2",57,lard
00101,cube,cubes,,,,,,,,,,,
00102,mélange,mélanges,,,,,,,,,,,
00103,pois,pois,Pois,,"5,15","0,27","7,95","4,65","5,5",,"0,049",0,pois
00104,fève,fèves,Fèves,,"5,6","< 0,5","7,4",1,"5,8",,"< 0,01",,feves
00105,basilic,basilic,Basilic,145,"3,35","0,47","2,55","0,37","3,47",,"0,13",0,basilic
00106,paleron,palerons,Paleron,1050,"36,8","11,4","0,2",0,0,,"4,5",113,paleron
00107,bouchée,bouchées,,,,,,,,,,,
00108,bourguignon,bourguignons,Bourguignon,,"1,25","43,9","7,85","5,23","0,52",,"3,59",32,bourguignon
00109,tête,têtes,,,,,,,,,,,
00110,navet,navets,Navet,,"0,9","0,2","3,8","2,9","2,2",,"0,008",0,navet
00111,oeuf,oeufs,Oeuf,575,"12,5","9,47","0,71","0,37",0,,"2,99",370,oeuf
00112,cerfeuil,cerfeuil,Cerfeuil,167,"3,72","0,6","3,63","0,6","2,55",,"0,22",0,cerfeuil
00113,radis,radis,Radis,123,"0,94","< 0,3","5,52","4,3","1,2",,"< 0,01",,radis
00114,chapelure,chapelures,Chapelure,1560,"12,7","3,77",70,"6,9","4,5",,"0,94",0,chapelure
00115,parmesan,parmesan,Parmesan,1700,"30,5",31,traces,traces,0,,"20,6","95,3",parmesan
00116,roquette,roquette,Roquette,,"2,58","0,66","2,1","2,05","1,6",,"0,086",0,roquette
00117,cognac,cognacs,Cognac,945,0,0,1,0,0,,,0,cognac
00118,coq,coq,Coq,555,13,7,4,1,"0,9",,1,65,coq
00119,poireau,poireaux,Poireau,114,"2,56","< 0,3","2,23","1,8","3,4",,"< 0,01",,poireau
00120,poule,poules,Poule,523,"20,9","4,51",0,0,0,,"1,12",64,poule
00121,sanglier,sangliers,Sanglier,643,"28,3","4,38",0,0,0,,"1,3",77,sanglier
00122,steak,steaks,Steak,858,"13,4","7,1","20,8","3,97","3,1",,"0,73",,steak
00123,emmental,emmentaux,Emmental,1560,"27,3","28,8",traces,traces,0,,"19,7",96,emmental
00124,viande,viandes,Viande,765,"27,2","8,04","0,24","0,011","0,0083",,3,"85,8",viande
00125,salade,salades,Salade,,2,0,"2,5",0,2,,0,,salade
00126,mayonnaise,mayonnaises,Mayonnaise,,"1,36","75,2","2,62","1,03","0,32",,"7,27",70,mayonnaise
00127,pain,pains,Pain,1150,"9,01","1,61","54,4","2,74","3,84",,"0,37",,pain
00128,veau,veaux,Veau,712,29,"5,55","0,74",,"0,053",,"1,79","87,9",veau
00129,matière,matières,,,,,,,,,,,
00130,double,doubles,,,,,,,,,,,
00131,andouillette,andouillettes,Andouillette,946,"18,8","16,3",1,"< 0,5","0,71",,"6,94",284,andouillette
00132,chorizo,chorizos,Chorizo,1970,"20,9","41,9","2,6","2,6",0,,16,111,chorizo
00133,aiguillette,aiguillettes,,,,,,,,,,,
00134,rognon,rognons,Rognons,678,"26,1","6,31",0,0,0,,"1,61",440,rognons
00135,orange,oranges,Orange,192,"0,75","< 0,5","8,03","7,6","2,7",,"< 0,01",0,orange
00136,olive,olives,Olives,667,"1,39","16,5","0,043","0,011","4,38",,"2,35","0,88",olives
00137,coulis,coulis,Coulis,,"2,05","0,2","8,53","5,5","2,6",,"0,08",,coulis
00138,canard,canards,Canard,811,"23,3","11,2",0,0,0,,"3,48",119,canard
00139,liqueur,liqueurs,Liqueur,1380,"0,1","0,3","39,6","35,3",0,,"0,083",0,liqueur
00140,dinde,dindes,Dinde,524,"28,5","1,09",0,,0,,"0,51","72,5",dinde
00141,travers,travers,,,,,,,,,,,
00142,muscade,muscade,Muscade,2080,"6,26","36,3","28,5","2,99","20,8",,"25,9",0,muscade
00143,céleri,céleris,Céleri,,"1,3","0,86","4,6","2,8","2,6",,,0,celeri
00144,yaourt,yaourts,Yaourt,,,,,,,,,,yaourt
00145,chili,chili,Chili,494,"7,13","3,35",13,"2,58","3,56",,"1,13","14,6",chili
00146,curcuma,curcuma,Curcuma,1220,"9,68","3,25","44,4","3,21","22,7",,"1,84",0,curcuma
00147,côtelette,côtelettes,,,,,,,,,,,
00148,cheddar,cheddars,Cheddar,1660,"23,6","33,8",traces,0,0,,"19,5",102,cheddar
00149,échine,échines,,,,,,,,,,,
00150,relish,relishs,Relish,,,,,,,,,,relish
00151,knacki,knackis,Knacki,1200,"12,7","25,9","1,46","1,09","0,27",,"9,59","64,7",knacki
00152,chapon,chapons,Chapon,923,29,"11,7",0,,0,,"3,26",86,chapon
00153,épinard,épinards,épinards,117,"3,38","0,7","< 0,85",traces,"3,5",,"0,13",,epinards
00154,gouda,goudas,Gouda,1560,"22,8","31,5",traces,"< 0,25",0,,"20,3",103,gouda
00155,bacon,bacons,Bacon,500,"23,1","2,6","0,7","< 0,2",0,,"1,02","47,2",bacon
00156,caille,cailles,Caille,860,"26,8","10,9",0,0,0,,"3,06",86,caille
00157,safran,safran,Safran,1490,"11,4","5,85","61,5","42,4","3,9",,"1,59",0,safran
00158,cidre,cidres,Cidre,149,"< 0,5","< 0,6","5,34","4,96",0,,,,cidre
00159,porto,portos,Porto,,,,,,,,,,porto
00160,tripe,tripes,Tripes,342,"12,1","3,69",0,0,0,,"1,29",122,tripes
00161,pastis,pastis,Pastis,1140,0,0,"2,86",0,0,,0,0,pastis
00162,pâte,pâtes,Pâte,2110,"5,7","24,6","64,4","22,9","1,5",,"11,8","1,37",pate
00163,jambon,jambons,Jambon,501,"20,3","3,66","1,03","0,82","0,32",,"1,24",57,jambon
00164,gruyère,gruyères,Gruyère,1770,"27,9","34,6",traces,0,0,,"19,8",105,gruyere
00165,pulpe,pulpes,,,,,,,,,,,
00166,raisin,raisins,Raisin,,"0,72","0,16","15,7","15,5","0,9",,"0,054",0,raisin
00167,truffe,truffes,Truffe,,"5,77","0,51",,"0,7","8,5",,"0,11",0,truffe
00168,tournedos,tournedos,Tournedos,,,,,,,,,,tournedos
00169,graine,graines,,,,,,,,,,,
00170,couenne,couennes,Couenne,572,"19,4","6,3","0,55","< 0,2",0,,,,couenne
00171,lapin,lapins,Lapin,697,"20,5","9,2","0,5",,0,,"3,42","75,9",lapin
00172,biscotte,biscottes,Biscotte,1660,"12,9","7,22","66,7","5,4","7,08",,"2,51",0,biscotte
00173,coeur,coeurs,Coeur,109,"1,8","< 0,5","2,31","1,2","3,2",,"< 0,01",,coeur
00174,os,os,,,,,,,,,,,
00175,guignolet,guignolets,Guignolet,,,,,,,,,,guignolet
00176,macreus,macreus,,,,,,,,,,,
00177,bavette,bavettes,Bavette,285,"15,1","0,74",traces,0,"< 0,2",,"0,2",25,bavette
00178,pintade,pintades,Pintade,601,"22,8","5,75",0,0,0,,"1,55","68,5",pintade
00179,pied,pieds,Pieds,769,"19,1",12,traces,,0,,,,pieds
00180,germe,germes,,,,,,,,,,,
00181,poisson,poissons,Poisson,604,"23,5","5,52",0,0,0,,"1,21","57,5",poisson
00182,ratte,rattes,Ratte,,,,,,,,,,ratte
00183,girolle,girolles,Girolles,137,"2,28","0,78","2,3","1,87","4,23",,"0,5",0,girolles
00184,poudre,poudre,,,,,,,,,,,
00185,volaille,volailles,Volaille,698,"27,6","5,96","0,28","0,0022","0,0013",,"1,77","99,3",volaille
00186,béchamel,béchamel,Béchamel,,"2,56","7,4","6,2","3,1","1,3",,"4,61",30,bechamel
00187,origan,origan,Origan,1100,9,"4,28","26,4","4,09","42,5",,"1,55",0,origan
00188,oie,oies,Oie,961,29,"12,7",0,,0,,,96,oie
00189,faisselle,faisselles,Faisselle,,"4,38",0,"4,44","3,99",traces,,0,"4,91",faisselle
00190,fécule,fécules,Fécule,1480,0,"0,2","86,3",,"0,55",,"0,039",0,fecule
00191,garam,garams,,,,,,,,,,,
00192,pignon,pignons,Pignons,,"16,2",65,"6,31","5,21",10,,"5,53",0,pignons
00193,marron,marrons,Marrons,1370,"0,94","< 0,5","79,5","56,6","0,9",,"< 0,01",,marrons
00194,chair,chairs,,,,,,,,,,,
00195,estragon,estragons,Estragon,184,"3,8",traces,"4,1","1,2","6,2",,"0,6",,estragon
00196,girofle,girofle,Girofle,1390,"5,97",13,"31,6","2,38","33,9",,"3,95",0,girofle
00197,Grand-marnier,Grand-marnier,Grand-marnier,,"1,5",7,"8,45","6,6",traces,,"4,85",,grand-marnier
00198,pruneau,pruneaux,Pruneau,969,"1,63","0,4","55,4","38,1","5,1",,"0,16",0,pruneau
00199,margarine,margarine,Margarine,2600,"0,13",70,"0,24","0,24",0,,"29,2","5,6",margarine
00200,lieu,lieus,,,,,,,,,,,
00201,maroilles,maroilles,Maroilles,1450,"20,8","29,5",traces,,0,,"17,3",,maroilles
00202,baie,baies,,,,,,,,,,,
00203,haricot,haricots,Haricot,152,"1,95","0,19","5,1","1,23","3,3",,"0,042",0,haricot
00204,purée,purées,Purée,385,"2,11","3,25","12,7","1,49","1,58",,"1,71","4,9",puree
00205,carvi,carvi,Carvi,1380,"19,8","14,6","11,9","0,64",38,,"0,62",0,carvi
00206,butternut,butternuts,Butternut,,"1,23","0,07",,,,,"0,014",0,butternut
00207,sauceline,saucelines,Sauceline,,,,,,,,,,sauceline
00208,mozzarella,mozzarellas,Mozzarella,949,"16,1","17,7","0,75","0,7",0,,"11,7",79,mozzarella
00209,tendron,tendrons,,,,,,,,,,,
00210,boyau,boyaux,Boyau,,,,,,,,,,boyau
00211,laitue,laitues,Laitue,856,"15,9","2,03","13,8",,"34,4",,"0,36",,laitue
00212,chou-fleur,chou-fleurs,Chou-fleur,"87,3","1,6","0,46","1,6","1,59",2,,"0,097",0,chou-fleur
00213,brique,briques,Brique,1220,"19,4","23,8",traces,"< 0,05",0,,16,"91,8",brique
00214,aile,ailes,,,,,,,,,,,
00215,queue,queues,Queue,820,28,"9,3",traces,,0,,"3,72",82,queue
00216,riesling,rieslings,Riesling,1050,"10,2","12,6","23,7","2,25","1,2",,"6,2",,riesling
00217,brocoli,brocolis,Brocoli,,"2,1","0,78","1,1","1,1","1,5",,"0,2",0,brocoli
00218,xérès,xérès,Xérès,,,,,,,,,,xeres
00219,poitrine,poitrines,,,,,,,,,,,
00220,crépine,crépines,Crépine,,,,,,,,,,crepine
00221,menthe,menthe,Menthe,240,"3,52","0,84","5,3","5,3","7,4",,"0,22",0,menthe
00222,panure,panure,Panure,,,,,,,,,,panure
00223,morille,morilles,Morilles,102,"3,16","0,54","0,1","0,044","3,35",,"0,16",,morilles
00224,saumon,saumons,Saumon,805,25,"10,3",traces,0,0,,,,saumon
00225,fumet,fumets,Fumet,,,,,,,,,,fumet
00226,calvados,calvados,Calvados,,0,0,0,0,0,,0,,calvados
00227,cerf,cerfs,Cerf,632,"30,2","3,19",0,,0,,"1,25",112,cerf
00228,barde,bardes,,,,,,,,,,,
00229,pilon,pilons,,,,,,,,,,,
00230,lotte,lottes,Lotte,285,"15,1","0,74",traces,0,"< 0,2",,"0,2",25,lotte
00231,colin,colins,Colin,425,"24,4","< 0,5",traces,0,0,,"< 0,01","70,1",colin
00232,baguette,baguettes,Baguette,1200,"9,06","1,4","58,3","2,3","2,7",,"0,45","0,075",baguette
00233,congre,congres,Congre,481,"18,3","4,6",traces,0,0,,,78,congre
00234,bonnet,bonnets,Bonnet,,,,,,,,,,bonnet
00235,boursin,boursin,Boursin,1510,"7,5","35,3","4,24","1,86",0,,"23,9","69,3",boursin
00236,brick,bricks,Brick,1060,"10,4","18,1","12,3","1,6","0,5",,,264,brick
00237,merguez,merguez,Merguez,1180,"13,1","11,4",31,"2,92","1,81",,"5,2","28,5",merguez
00238,Ras,Ras,,,,,,,,,,,
00239,faisan,faisans,Faisan,999,"32,4","12,1",0,0,0,,"3,91",89,faisan
00240,crépinette,crépinettes,Crépinette,,,,,,,,,,crepinette
00241,haddock,haddock,Haddock,411,"22,6","0,73",0,0,0,,"0,13",77,haddock
00242,tagliatelle,tagliatelles,Tagliatelles,487,"5,32","4,07","13,6","2,64","1,9",,"1,42",11,tagliatelles
00243,muscadet,muscadet,Muscadet,,,,,,,,,,muscadet
00244,champagne,champagne,Champagne,,"0,3",0,"2,81","1,4",0,,0,0,champagne
00245,plat,plats,,,,,,,,,,,
00246,reblochon,reblochons,Reblochon,1360,"19,9","27,4",traces,0,0,,"18,8","89,9",reblochon
00247,macaroni,macaronis,Macaroni,,,,,,,,,,macaroni
00248,airelle,airelles,Airelles,,,,,,,,,,airelles
00249,gelée,gelées,Gelée,,13,4,14,14,,,,,gelee
00250,pousse,pousses,,,,,,,,,,,
00251,cèpe,cèpes,Cèpes,133,"3,13","0,43","3,03","1,7","1,93",,"0,071",0,cepes
00252,croûton,croûtons,Croûtons,2060,"9,19","24,1","59,1",4,"2,6",,"4,3",,croutons
00253,sumac,sumac,Sumac,,,,,,,,,,sumac
00254,café,café,Café,489,"2,87","3,69","17,8",14,"0,042",,"2,5",,cafe
00255,thé,thé,Thé,"0,26",0,"0,007",0,0,0,,"0,002",0,the
00256,comté,comtés,Comté,1740,"26,7","34,6",traces,traces,0,,"22,5",115,comte
00257,sésame,sésames,Sésame,,"20,8","49,7","9,85","0,3","14,9",,"7,09",0,sesame
00258,saké,sakés,Saké,552,0,0,5,0,0,,0,0,sake
00259,moule,moules,Moules,457,"17,2","2,09","5,12",,0,,"0,37","52,1",moules
00260,cive,cives,Cive,,,,,,,,,,cive
00261,Monbazillac,Monbazillac,Monbazillac,,,,,,,,,,monbazillac
00262,kub,kubs,,,,,,,,,,,
00263,armagnac,armagnac,Armagnac,945,0,0,1,0,0,,,0,armagnac
00264,cassonade,cassonades,Cassonade,,,,,,,,,,cassonade
00265,fin,fins,,,,,,,,,,,
00266,cervelle,cervelles,Cervelle,551,"11,5","9,63",0,,0,,"2,18",3100,cervelle
00267,confiture,confitures,Confiture,1050,"< 0,5","0,3","59,7","56,8","1,1",,"0,041",0,confiture
00268,rumsteck,rumstecks,Rumsteck,482,"22,5","2,5","0,4",0,0,,"0,78",63,rumsteck
00269,mahi,mahis,,,,,,,,,,,
00270,papaye,papayes,Papaye,178,"0,75","< 0,3","8,53","8,1","1,8",,"< 0,01",0,papaye
00271,soja,sojas,Soja,193,"7,08","0,1","3,64","1,32","0,86",,"0,0085",0,soja
00272,ciboul,cibouls,,,,,,,,,,,
00273,vanille,vanilles,Vanille,,"0,1","0,33",99,"97,2","0,37",,"0,053",,vanille
00274,ananas,ananas,Ananas,231,"< 0,5","< 0,5","11,7","10,5","1,2",,"< 0,01",0,ananas
00275,mousse,mousses,,,,,,,,,,,
00276,haché,hachés,,,,,,,,,,,
00277,saté,satés,Saté,,,,,,,,,,sate
00278,nuoc,nuoc,,,,,,,,,,,
00279,endive,endives,Endive,"99,5","1,13","< 0,3","4,38","3,2","< 0,5",,"< 0,01",,endive
00280,cardamome,cardamome,Cardamome,1340,"10,8","6,7","40,5",,28,,,0,cardamome
00281,noix,noix,Noix,,"15,7","67,3","6,88",3,"6,7",,"6,45",0,noix
00282,amande,amandes,Amandes,,"22,6","51,3","9,51","4,2","12,5",,"4,11",0,amandes
00283,beaufort,beaufort,Beaufort,1710,26,34,traces,0,0,,"19,2",,beaufort
00284,figue,figues,Figue,293,"1,19","< 0,5","13,5","12,2","4,1",,"< 0,01",0,figue
00285,mâche,mâches,Mâche,"70,1",2,"< 0,5","0,5",traces,"2,3",,"< 0,01",0,mache
00286,saindoux,saindoux,Saindoux,3680,0,"99,5",0,0,0,,"41,1",95,saindoux
00287,fromage,fromages,Fromage,1330,"20,2","26,5",0,"0,021",0,,"17,6",,fromage
00288,anchois,anchois,Anchois,541,"18,6","6,07",traces,0,0,,"1,64",124,anchois
00289,macédoine,macédoines,Macédoine,170,"2,32","0,28","5,59","1,73","3,16",,"0,076",0,macedoine
00290,navarin,navarins,,,,,,,,,,,
00291,levure,levures,Levure,1400,"40,4","4,5","21,8","2,5","22,5",,"0,7","< 0,7",levure
00292,andouille,andouilles,Andouille,878,"18,4","15,1","0,3",,traces,,,,andouille
00293,semoule,semoules,Semoule,510,"3,75","0,8",24,3,"1,9",,"0,25",,semoule
00294,cardon,cardons,Cardon,,"0,76","0,11","3,63",,"1,7",,"0,012",0,cardon
00295,biche,biches,Biche,,,,,,,,,,biche
00296,citronnelle,citronnelles,Citronnelle,170,"1,13","< 0,3","3,14","2,1","4,3",,"< 0,01",0,citronnelle
00297,couteau,couteaux,Couteau,,,,,,,,,,couteau
00298,magret,magrets,,,,,,,,,,,
00299,pavot,pavots,Pavot,2280,"19,7","43,1","13,7","2,99","14,8",,"4,69",0,pavot
00300,fenouil,fenouils,Fenouil,1350,"15,7","14,9","12,5","12,5","39,8",,"0,48",0,fenouil
00301,bûche,bûches,Bûche,949,"2,42","10,4",30,"25,6","1,54",,"7,1",,buche
00302,perdrix,perdrix,Perdrix,,,,,,,,,,perdrix
00303,muscat,muscat,Muscat,381,"0,69","< 0,5",20,"19,6","2,7",,"< 0,01",,muscat
00304,noisette,noisettes,Noisettes,,17,"56,9","7,16","4,9","11,6",,"4,75",0,noisettes
00305,requin,requins,Requin,461,"20,8","2,91",traces,0,0,,"0,48",51,requin
00306,concombre,concombres,Concombre,"61,6","0,56","< 0,5","2,23","1,8","0,8",,"< 0,01",0,concombre
00307,raviole,ravioles,Raviole,951,10,"8,3","26,8","4,4","1,9",,"4,64","36,2",raviole
00308,confit,confits,,,,,,,,,,,
00309,flocon,flocons,,,,,,,,,,,
00310,pecorino,pecorinos,Pecorino,,,"28,8",traces,0,0,,"18,3",104,pecorino
00311,sot,sots,,,,,,,,,,,
00312,chicorée,chicorées,Chicorée,1350,"3,3","2,5","57,2","21,7","29,2",,"0,75",0,chicoree
00313,myrtille,myrtilles,Myrtilles,244,"0,87","0,33","10,6","9,96","2,4",,"0,028",0,myrtilles
00314,banane,bananes,Banane,383,"1,06","< 0,5","19,7","15,6","2,7",,"< 0,01",0,banane
00315,osso,ossos,,,,,,,,,,,
00316,fondre,fondres,,,,,,,,,,,
00317,spaghetti,spaghettis,Spaghetti,,"0,66","0,26","5,06","2,53","1,4",,"0,062",0,spaghetti
00318,ouzo,ouzos,Ouzo,,,,,,,,,,ouzo
00319,ghee,ghees,Ghee,,,,,,,,,,ghee
00320,fenugreek,fenugreeks,Fenugreek,,,,,,,,,,fenugreek
00321,colorant,colorants,Colorant,,,,,,,,,,colorant
00322,mangue,mangues,Mangue,314,"0,63","< 0,5","14,3","12,9","1,6",,"< 0,01",0,mangue
00323,cacao,cacaos,Cacao,1610,"22,4","20,6","11,6","0,9","29,5",,"12,4",0,cacao
00324,bleu,bleu,Bleu,1030,"26,5","15,5",traces,0,0,,,,bleu
00325,légume,légumes,Légumes,292,"6,4",3,"3,6","2,59","1,4",,"0,46","30,8",legumes
00326,poularde,poulardes,Poularde,,,,,,,,,,poularde
00327,anis,anis,Anis,,,,,,,,,,anis
00328,pêche,pêches,Pêche,,"1,08","0,33",9,"8,16","1,6",,"0,027",0,peche
00329,crevette,crevettes,Crevettes,397,19,"1,16","1,87","< 0,25",0,,"0,31",159,crevettes
00330,gambas,gambas,Gambas,,,,,,,,,,gambas
00331,mouton,moutons,Mouton,550,"12,8","6,83","4,5","2,4",< 1,,"2,73","57,8",mouton
00332,râble,râbles,,,,,,,,,,,
00333,toastinette,toastinettes,Toastinette,1030,"13,8","18,5","5,34","4,95",0,,"12,3",60,toastinette
00334,marjolaine,marjolaine,Marjolaine,1140,"12,7","7,04","20,3","4,09","40,3",,"0,53",0,marjolaine
00335,chutney,chutney,Chutney,,,,,,,,,,chutney
00336,asperge,asperges,Asperge,,"2,46","0,27","2,03","1,5","2,15",,"0,069",0,asperge
00337,pointe,pointes,,,,,,,,,,,
00338,espadon,espadons,Espadon,1110,"28,7","16,9",traces,0,0,,"1,51",129,espadon
00339,couche,couches,Couche,118,"2,62","0,36","3,15","2,5",1,,"0,067",0,couche
00340,pont,ponts,,,,,,,,,,,
00341,whisky,whisky,Whisky,1050,0,0,"0,096","0,096",0,,0,0,whisky
00342,boursault,boursault,Boursault,,,,,,,,,,boursault
00343,panga,pangas,Panga,335,"17,5",1,traces,0,0,,"0,51","40,8",panga
00344,roquefort,roqueforts,Roquefort,1600,"19,1","33,9",traces,traces,0,,"24,9","74,7",roquefort
00345,extraire,extraires,,,,,,,,,,,
00346,patate,patates,,,,,,,,,,,
00347,quenelle,quenelles,Quenelle,780,"9,3","10,1","14,1","1,2","1,1",,"1,5",,quenelle
00348,Maury,Maurys,Maury,,,,,,,,,,maury
00349,fruit,fruits,Fruits,394,"3,18","2,83",13,"12,6","0,27",,"1,9","10,6",fruits
00350,chaource,chaource,Chaource,1150,17,"22,9",traces,"< 0,2",0,,"15,8",83,chaource
00351,papier,papiers,,,,,,,,,,,
00352,mascarpone,mascarpones,Mascarpone,,"4,29",39,4,4,0,,"25,7",123,mascarpone
00353,marsala,marsala,Marsala,887,"0,1",0,"27,9","27,9",0,,0,0,marsala
00354,sarriette,sarriette,Sarriette,1090,"6,73","5,91",23,,"45,7",,"3,26",0,sarriette
00355,mérou,mérous,Mérou,349,"18,6","0,86",traces,0,0,,"0,2",37,merou
00356,combava,combavas,Combava,,,,,,,,,,combava
00357,vache,vaches,,,,,,,,,,,
00358,viandox,viandox,Viandox,,,,,,,,,,viandox
00359,poulpe,poulpes,Poulpe,659,"29,8","2,08","4,4",0,0,,"0,45",96,poulpe
00360,chocolat,chocolats,Chocolat,2320,"7,81","36,1","45,3","39,5","7,39",,"22,3","11,5",chocolat
00361,pistache,pistaches,Pistaches,,"21,7","47,4","18,6","7,74","10,1",,"5,52",0,pistaches
00362,marmelade,marmelades,,,,,,,,,,,
00363,maïs,maïs,Maïs,447,"2,82","1,68","18,4","5,16","3,1",,"0,26",0,mais
00364,carrelet,carrelets,Carrelet,1010,"13,4","16,8","8,86",,1,,2,60,carrelet
00365,thon,thons,Thon,576,"29,9","1,83",traces,0,0,,"0,9","43,5",thon
00366,autre,autres,Autres,,"6,1","27,6","60,5","21,6","2,06",,"14,4","11,7",autres
00367,rhum,rhums,Rhum,1060,0,0,0,0,0,,0,0,rhum
00368,pimiento,pimiento,,,,,,,,,,,
00369,gélatine,gélatines,Gélatine,1480,"86,9","0,1",0,,0,,"0,036",,gelatine
00370,couscous,couscous,Couscous,659,5,1,31,"1,6","2,3",,"0,25",0,couscous
00371,blette,blettes,Blette,"61,1","0,7","< 0,5","1,23","0,8","2,5",,"< 0,01",0,blette
00372,abricot,abricots,Abricot,194,"0,81","< 0,5","9,01","6,7","1,7",,"< 0,01",0,abricot
00373,cancoillotte,cancoillottes,Cancoillotte,635,"13,6","10,5","0,5",traces,0,,"7,06",26,cancoillotte
00374,gésier,gésiers,Gésiers,443,"17,3","3,75","0,6",0,0,,"1,12",240,gesiers
00375,cerneau,cerneaux,,,,,,,,,,,
00376,pesto,pesto,Pesto,1530,"3,94","35,4","6,6","3,2","2,5",,"4,39","18,2",pesto
00377,gnocchi,gnocchis,Gnocchi,766,"6,34","7,88",34,"0,65","1,9",,"0,33",,gnocchi
00378,tapenade,tapenades,Tapenade,,"1,3",23,"2,6","0,2","3,7",,"2,7","3,2",tapenade
00379,Bresse,Bresse,,,,,,,,,,,
00380,Halloumi,Halloumi,Halloumi,,,,,,,,,,halloumi
00381,houmous,houmous,Houmous,,"8,2","23,9","7,1","1,38","5,98",,"2,48",,houmous
00382,sucrine,sucrines,Sucrine,"75,5","1,13","< 0,3","2,58","1,78","0,8",,"< 0,01",,sucrine
00383,vermouth,vermouth,Vermouth,,"0,054",0,"11,3","11,1",0,,0,0,vermouth
00384,huître,huîtres,Huître,283,"8,64","1,91","3,86",traces,0,,"0,34","20,3",huitre
00385,ficelle,ficelles,Ficelle,631,"8,6","7,5","11,9","2,7","0,6",,"2,8",,ficelle
00386,avoine,avoines,Avoine,1570,"18,1","6,9","55,7","1,2","10,6",,"1,22",0,avoine
00387,panais,panais,Panais,383,"1,94","0,5","16,6","6,2","5,6",,"0,13",,panais
00388,rutabaga,rutabagas,Rutabaga,,"0,93","0,18","4,26","3,95","1,8",,"0,029",0,rutabaga
00389,canneloni,cannelonis,Canneloni,512,"4,38","5,9","11,8","4,3",traces,,"1,91","11,2",canneloni
00390,gîte,gîtes,Gîte,431,21,"1,9","0,2",,0,,"0,8",,gite
00391,farce,farces,Farce,503,"5,49","9,67",2,"0,88","2,31",,"3,24",42,farce
00392,coing,coings,Coing,,"0,51","0,1","13,4","6,3","1,9",,"0,0085",0,coing
00393,compote,compotes,Compote,,"0,41","0,56","16,9","15,8","1,53",,"0,12",,compote
00394,camembert,camemberts,Camembert,1170,"19,1","22,5",traces,traces,0,,"15,8",74,camembert
00395,Guinness,Guinness,Guinness,,,,,,,,,,guinness
00396,chanterelle,chanterelles,Chanterelle,137,"2,28","0,78","2,3","1,87","4,23",,"0,5",0,chanterelle
00397,Kororima,Kororima,Kororima,,,,,,,,,,kororima
00398,hydromel,hydromels,Hydromel,,,,,,,,,,hydromel
00399,blé,blés,Blé,887,"8,03","1,27","41,4",,"1,1",,"0,21",0,ble
00400,melfor,melfor,Melfor,,,,,,,,,,melfor
00401,bécasse,bécasses,Bécasse,,,,,,,,,,becasse
00402,crêpe,crêpes,Crêpe,,"8,5","14,1","58,1","28,1","1,3",,"6,51","54,7",crepe
00403,brioche,brioches,Brioche,1490,"8,13","11,8","52,7","12,7","2,2",,"5,01","59,3",brioche
00404,aneth,aneth,Aneth,202,"3,93","1,1","3,9","1,2","3,5",,"0,27",0,aneth
00405,galette,galettes,Galette,,"6,84","23,5","63,7","28,2","3,01",,"13,2",,galette
00406,charcuterie,charcuteries,Charcuteries,991,"19,7","17,1","1,47","0,86","0,25",,"6,61",77,charcuteries
00407,court-bouillon,court-bouillons,Court-bouillon,1080,5,23,7,"4,5","2,5",,16,,court-bouillon
00408,julien,juliens,,,,,,,,,,,
00409,boulgour,boulgour,Boulgour,699,"4,06","8,3","17,4","4,61","3,3",,"0,92",,boulgour
00410,mirin,mirin,Mirin,,,,,,,,,,mirin
00411,nouille,nouilles,Nouilles,611,"5,12","4,3","18,8",2,"6,3",,"0,5",,nouilles
00412,tofu,tofus,Tofu,595,"14,7","8,5","2,87","0,57","< 0,5",,"1,35",0,tofu
00413,rumsteak,rumsteaks,Rumsteak,,,,,,,,,,rumsteak
00414,téquila,téquila,Téquila,,,,,,,,,,tequila
00415,agneau,agneaux,Agneau,1130,"16,3","22,6","0,92","0,063",0,,"10,1",,agneau
00416,potimarron,potimarrons,Potimarron,161,"1,06","0,3","6,88","3,5","1,8",,"0,08",,potimarron
00417,topinambour,topinambours,Topinambour,346,"1,8","0,7",16,"9,6","2,2",,0,0,topinambour
00418,branche,branches,,,,,,,,,,,
00419,marlin,marlins,Marlin,,,,,,,,,,marlin
00420,piperade,piperades,Piperade,,"1,1","3,8","6,5","4,9","3,4",,2,"2,09",piperade
00421,beef,beefs,,,,,,,,,,,
00422,tahin,tahins,Tahin,,"20,3","53,4","13,8","0,49",7,,"7,48",0,tahin
00423,arachide,arachides,Arachide,,"15,5",22,"9,54","2,47","8,8",,"3,06",0,arachide
00424,surimi,surimis,Surimi,525,"8,31","4,92","11,8","2,1","< 0,33",,"0,46","10,8",surimi
00425,merlu,merlus,Merlu,472,"21,2",3,traces,0,0,,"0,92","77,4",merlu
00426,cerise,cerises,Cerises,235,"0,81","< 0,3",13,10,"1,6",,"< 0,01",0,cerises
00427,pâté,pâtés,Pâte,2110,"5,7","24,6","64,4","22,9","1,5",,"11,8","1,37",pate
00428,châtaigne,châtaignes,Châtaignes,,"2,13","2,23","36,5","7,86","7,45",,"0,37",0,chataignes
00429,flageolet,flageolets,Flageolet,469,"6,75","1,1",12,"0,3","13,8",,"0,25",,flageolet
00430,cointreau,cointreaux,Cointreau,,,,,,,,,,cointreau
00431,fonds,fonds,,,,,,,,,,,
00432,bois,bois,,,,,,,,,,,
00433,pamplemousse,pamplemousses,Pamplemousse,169,"< 0,5","< 0,5","8,02","6,6","0,8",,"< 0,01",0,pamplemousse
00434,sabre,sabres,Sabre,524,18,"5,9",traces,0,0,,"0,94",,sabre
00435,dindonneau,dindonneaux,Dindonneau,,,,,,,,,,dindonneau
00436,baba,babas,Baba,708,"2,83","3,86","23,6","18,2","0,87",,"2,77",,baba
00437,pickle,pickles,Pickles,,,,,,,,,,pickles
00438,raifort,raiforts,Raifort,,"7,5","0,7",13,,"7,5",,"0,11",0,raifort
00439,pak,pak,,,,,,,,,,,
00440,brousse,brousses,Brousse,,,,,,,,,,brousse
00441,ricotta,ricottas,Ricotta,,"8,61","11,9",4,"2,25",0,,"8,08",51,ricotta
00442,trompette,trompettes,,,,,,,,,,,
00443,pineau,pineaux,,,,,,,,,,,
00444,alcool,alcools,Alcool,2730,0,0,0,0,0,,0,0,alcool
00445,tamari,tamaris,Tamari,,,,,,,,,,tamari
00446,bicarbonate,bicarbonates,Bicarbonate,"1,7","0,1",0,0,0,0,,0,0,bicarbonate
00447,tomme,tomme,Tomme,1460,"21,1","29,4",traces,traces,0,,"19,4",,tomme
00448,mogette,mogettes,Mogette,,,,,,,,,,mogette
00449,tandoori,tandoori,Tandoori,,"2,6","1,7","14,3","12,3","1,9",,"0,35",,tandoori
00450,pigeon,pigeons,Pigeon,887,"23,9",13,0,0,0,,"3,74",116,pigeon
00451,crottin,crottins,,,,,,,,,,,
00452,tamarin,tamarins,Tamarin,,"2,65","0,6","57,4","38,8","5,1",,"0,24",0,tamarin
00453,griotte,griottes,Griotte,,"1,1","0,3","10,5","8,49","1,65",,"0,084",0,griotte
00454,cresson,cressons,Cresson,,"2,25","0,1",traces,,"2,1",,,,cresson
00455,salsifis,salsifis,Salsifis,243,"2,63","< 0,3","9,29","2,3","4,5",,"< 0,01",,salsifis
00456,palette,palettes,Palette,868,"24,8","12,1",traces,,0,,"4,57","71,1",palette
00457,nougat,nougats,Nougat,1100,"4,83","15,2","25,3","20,5","2,76",,11,"22,7",nougat
00458,merlan,merlans,Merlan,417,23,"0,7",traces,0,0,,"0,13",55,merlan
00459,Leerdammer,Leerdammer,Leerdammer,,,,,,,,,,leerdammer
00460,tome,tomes,,,,,,,,,,,
00461,pâtisson,pâtissons,Pâtisson,,,,,,,,,,patisson
00462,chèvre,chèvres,Chèvre,241,"3,15","3,2","4,01","4,01",0,,"2,16","12,1",chevre
00463,cheval,chevaux,Cheval,711,"28,2","6,24",traces,,0,,"1,99",,cheval
00464,marcassin,marcassins,Marcassin,,,,,,,,,,marcassin
00465,pleurote,pleurotes,Pleurote,107,"3,06","0,36","1,5","0,71","2,4",,"0,062",0,pleurote
00466,frite,frites,Frite,1200,"3,28","11,9","39,4","0,69","3,9",,"2,94",0,frite
00467,canette,canettes,Canette,,,,,,,,,,canette
00468,daurade,daurades,Daurade,512,"22,9","3,3",traces,0,0,,"0,75",67,daurade
00469,igname,ignames,Igname,463,"1,49","0,14","23,6","0,49","3,9",,"0,029",0,igname
00470,avocat,avocats,Avocat,843,"1,56","20,6","0,83","0,4","3,6",,"4,51","< 0,5",avocat
00471,collier,colliers,,,,,,,,,,,
00472,écorce,écorces,,,,,,,,,,,
00473,tendre,tendres,,,,,,,,,,,
00474,clémentine,clémentines,Clémentine,200,"0,81","< 0,5","9,17","8,6","1,7",,"< 0,01",0,clementine
00475,sole,soles,Sole,330,"15,7","1,69",traces,0,0,,"0,31","60,5",sole
00476,églefin,églefins,églefin,377,"20,9","0,6",traces,0,0,,"0,1",38,eglefin
00477,dorade,dorades,Dorade,512,"22,9","3,3",traces,0,0,,"0,75",67,dorade
00478,bar,bars,Bar,350,"19,1","0,7",traces,0,0,,"0,2","47,6",bar
00479,raie,raies,Raie,415,"23,2","0,57",traces,0,0,,"0,12",67,raie
00480,morue,morues,Morue,871,"47,6","1,67",traces,0,0,,"0,31",105,morue
00481,truite,truites,Truite,419,19,"2,6",traces,0,0,,"0,54",,truite
00482,rascass,rascass,,,,,,,,,,,
00483,saint-pierre,Saint-pierres,Saint-pierre,1230,"18,5","24,5",traces,,0,,"16,8","99,7",saint-pierre
00484,vif,vifs,,,,,,,,,,,
00485,grondin,grondins,Grondin,397,19,2,traces,0,0,,,,grondin
00486,cigal,cigaux,,,,,,,,,,,
00487,loup,loups,Loup,414,"20,1","1,94",traces,0,0,,"0,49","58,1",loup
00488,feter,feters,,,,,,,,,,,
00489,tsuyu,tsuyu,,,,,,,,,,,
00490,écrevisse,écrevisses,écrevisse,312,"16,3","0,7","0,56","< 0,25",0,,"0,17",116,ecrevisse
00491,aromate,aromates,Aromate,206,"3,58","0,8","4,15","1,99","5,64",,"0,2",0,aromate
00492,cabillaud,cabillauds,Cabillaud,420,"23,1","0,73",0,0,0,,"0,14","52,1",cabillaud
00493,merluchon,merluchons,Merluchon,,,,,,,,,,merluchon
00494,langoustine,langoustines,Langoustine,,"20,9","0,98",,,0,,"0,14",149,langoustine
00495,crabe,crabes,Crabe,,"18,3","3,8",,,0,,"1,14",115,crabe
00496,pavé,pavés,,,,,,,,,,,
00497,sébast,sébasts,,,,,,,,,,,
00498,maquereau,maquereaux,Maquereau,949,"21,5","15,8",traces,0,0,,"4,44","81,8",maquereau
00499,homard,homards,Homard,385,"19,6","1,32","0,11",0,0,,"0,21",128,homard
00500,flétan,flétans,Flétan,409,"21,2","1,31",traces,0,0,,"0,21","43,7",fletan
00501,salicorne,salicornes,Salicorne,,"0,67","0,24","1,1",,"2,46",,,,salicorne
00502,turbot,turbots,Turbot,497,"21,3","3,64",traces,0,0,,"0,9",62,turbot
00503,plier,pliers,,,,,,,,,,,
00504,tilapia,tilapias,Tilapia,387,"18,1","2,13",traces,0,0,,"0,56","39,5",tilapia
00505,limande,limandes,Limande,380,"17,4","2,27",traces,0,0,,"0,12",73,limande
00506,rouget,rougets,Rouget,602,"24,1","5,2",traces,0,0,,"0,73","63,9",rouget
00507,grenadier,grenadiers,Grenadier,292,"15,4","0,81",traces,0,0,,"0,11","37,1",grenadier
00508,rascasse,rascasses,Rascasse,533,"24,6","3,1",traces,0,0,,"0,61","48,9",rascasse
00509,roucaou,roucaous,Roucaou,,,,,,,,,,roucaou
00510,spigol,spigols,Spigol,,,,,,,,,,spigol
00511,oursin,oursins,Oursin,,,,,,,,,,oursin
00512,persillade,persillades,Persillade,1170,"9,56","24,8","4,43","0,3","1,26",,"16,6","88,5",persillade
00513,oseille,oseilles,Oseille,,"1,84","0,65","1,6","1,54","1,8",,"0,1",0,oseille
00514,massala,massala,Massala,,"2,6","1,7","14,3","12,3","1,9",,"0,35",,massala
00515,étrille,étrilles,étrille,,,,,,,,,,etrille
00516,kiwi,kiwis,Kiwi,255,"0,88","0,6",11,"8,9","2,4",,"0,13",0,kiwi
00517,rouille,rouilles,Rouille,,"1,1","41,4",1,,0,,"5,7",,rouille
00518,spéculos,spéculos,,,,,,,,,,,
00519,noilly,noilly,,,,,,,,,,,
00520,encornet,encornets,Encornet,632,"32,5","1,4","1,64",,0,,"0,24",224,encornet
00521,caviar,caviars,Caviar,1060,25,"17,1",traces,traces,0,,"3,21",,caviar
00522,absinthe,absinthe,Absinthe,1010,"2,88","0,5","59,1","34,3","8,3",,"0,19",0,absinthe
00523,coque,coques,Coques,1650,"9,77","4,93","75,5","23,7","4,33",,"0,83",,coques
00524,coquille,coquilles,,,,,,,,,,,
00525,pinot,pinot,,,,,,,,,,,
00526,rhubarbe,rhubarbes,Rhubarbe,,"0,78","0,23","1,47","1,47","2,47",,"0,053",0,rhubarbe
00527,polenta,polentas,Polenta,328,"1,38","< 0,3","16,9","0,1","1,6",,"< 0,01","2,28",polenta
00528,dos,dos,,,,,,,,,,,
00529,ratatouille,ratatouilles,Ratatouille,,"1,22","3,15","4,97","3,91","2,03",,"0,47","0,07",ratatouille
00530,tokay,tokays,Tokay,,,,,,,,,,tokay
00531,cantal,cantal,Cantal,1580,"24,8",31,traces,"< 0,5",0,,"24,2",,cantal
00532,sherry,sherry,Sherry,,,,,,,,,,sherry
00533,étoile,étoiles,,,,,,,,,,,
00534,aïoli,aïolis,Aïoli,,"1,13",41,"4,7","3,14","0,42",,,,aioli
00535,coulommiers,coulommiers,,,,,,,,,,,
00536,verveine,verveine,Verveine,,,,,,,,,,verveine
00537,coco,cocos,,,,,,,,,,,
00538,carambole,caramboles,Carambole,,"1,15","0,32","3,9","3,9","2,8",,"0,019",0,carambole
00539,bigorneau,bigorneaux,Bigorneau,963,"23,8","15,1","0,0018",0,0,,"6,65","77,5",bigorneau
00540,vodker,vodkers,,,,,,,,,,,
00541,sandre,sandres,Sandre,351,"18,3","1,08",traces,0,0,,"0,21","70,3",sandre
00542,bette,bettes,,,,,,,,,,,
00543,canneberge,canneberges,Canneberge,1410,"< 0,5",1,"76,4","72,8","5,7",,"0,2",0,canneberge
00544,fettucine,fettucines,Fettucine,,,,,,,,,,fettucine
00545,palourd,palourds,,,,,,,,,,,
00546,calamar,calamars,Calamar,1050,"8,69","14,4","21,2","2,58","1,66",,"1,77",90,calamar
00547,ormeau,ormeaux,Ormeau,422,"14,4","0,83","8,69",0,0,,"0,15",85,ormeau
00548,vermicelle,vermicelles,Vermicelles,,"0,5",5,93,91,"0,5",,4,,vermicelles
00549,seiche,seiches,Seiche,323,"16,2","1,05","0,51",0,0,,"0,35",111,seiche
00550,chipiron,chipirons,Chipiron,,,,,,,,,,chipiron
00551,bulot,bulots,Bulot,555,"23,8","0,57","7,61",0,0,,"0,031",65,bulot
00552,telline,tellines,Telline,,,,,,,,,,telline
00553,praire,praires,Praire,420,"16,2","1,48","5,33",0,0,,"0,14","50,5",praire
00554,ventrèche,ventrèches,Ventrèche,,,,,,,,,,ventreche
00555,escargot,escargots,Escargot,338,"16,6","1,4","0,23","< 0,3",0,,"0,31",,escargot
00556,barbue,barbues,Barbue,,,,,,,,,,barbue
00557,croissant,croissants,Croissant,1560,"7,29",20,"40,4","8,83","2,32",,"11,6","26,5",croissant
00558,palourde,palourdes,Palourde,420,"16,2","1,48","5,33",0,0,,"0,14","50,5",palourde
00559,linguine,linguines,Linguine,,,,,,,,,,linguine
00560,langouste,langoustes,Langouste,449,"21,8","1,52","1,3",0,0,,"0,26",80,langouste
00561,guacamole,guacamoles,Guacamole,,"2,18","16,5","5,85","2,65","5,65",,"3,95","3,6",guacamole
00562,coquillette,coquillettes,Coquillettes,1400,"12,6","1,79","65,8","2,12",3,,"0,37",0,coquillettes
00563,miette,miettes,,,,,,,,,,,
00564,toast,toasts,Toast,971,"9,09","13,3","17,8","5,75","2,8",,"5,94","57,2",toast
00565,ouassous,ouassous,,,,,,,,,,,
00566,betterave,betteraves,Betterave,180,"1,44","0,4","7,13","6,7","2,5",,"0,15",0,betterave
00567,bourbon,bourbons,Bourbon,,,,,,,,,,bourbon
00568,chouchen,chouchens,Chouchen,,,,,,,,,,chouchen
00569,savora,savora,Savora,,,,,,,,,,savora
00570,pommeau,pommeaux,Pommeau,,,,,,,,,,pommeau
00571,vinaigrette,vinaigrettes,Vinaigrette,766,"8,22","16,3","1,02","0,62","0,55",,4,587,vinaigrette
00572,batavia,batavias,Batavia,"74,6","1,25","< 0,5","1,78","1,1","2,1",,"< 0,01",,batavia
00573,chip,chips,Chips,2270,"5,67","34,3","51,1","1,59","4,57",,"3,23","< 0,7",chips
00574,tortilla,tortillas,Tortilla,686,"5,56","9,9","11,7","1,22","2,7",,"1,55","99,2",tortilla
00575,Banyuls,Banyuls,Banyuls,,,,,,,,,,banyuls
00576,scampi,scampis,Scampi,,,,,,,,,,scampi
00577,melon,melons,Melon,265,"1,13","< 0,5","14,8","10,6","1,3",,"< 0,01",0,melon
00578,gorgonzola,gorgonzolas,Gorgonzola,1300,"18,6","26,4",traces,"< 0,3",0,,"16,9","81,1",gorgonzola
00579,tuc,tucs,Tuc,2090,"10,5","23,9",59,"5,44","3,14",,"12,1","5,9",tuc
00580,potiron,potirons,Potiron,127,"< 0,5","< 0,3","5,66","4,8",2,,"< 0,01",,potiron
00581,tourteau,tourteaux,Tourteau,520,"19,5","4,29","1,79",0,0,,"0,55","73,3",tourteau
00582,martini,martinis,Martini,,,,,,,,,,martini
00583,caramel,caramels,Caramel,560,"4,35","3,6","20,6",18,traces,,"1,93",12,caramel
00584,pancetta,pancettas,Pancetta,1420,"20,2","28,8","0,75","0,43",0,,"12,5","75,2",pancetta
00585,ratafia,ratafias,Ratafia,,,,,,,,,,ratafia
00586,rose,roses,Rose,,"0,77","0,14","6,2","6,2","1,6",,"0,021",0,rose
00587,jeune,jeunes,,,,,,,,,,,
00588,Pili,Pili,,,,,,,,,,,
00589,framboise,framboises,Framboises,206,"1,19","0,8","5,83","5,4","4,3",,"0,13",0,framboises
00590,arôme,arômes,Arôme,,"2,87","1,08","12,1","11,5","0,045",,"0,68",,arome
00591,chipirer,chipirers,,,,,,,,,,,
00592,glutamate,glutamates,Glutamate,,,,,,,,,,glutamate
00593,quinoer,quinoers,,,,,,,,,,,
00594,mandarine,mandarines,Mandarine,200,"0,81","< 0,5","9,17","8,6","1,7",,"< 0,01",0,mandarine
00595,risotto,risottos,Risotto,817,"5,93","5,16","30,9","0,58","0,7",,"2,49",,risotto
00596,chêne,chênes,Chêne,"59,3","1,13","< 0,5","1,03","0,6","1,8",,"< 0,01",,chene
00597,tarama,tarama,Tarama,2200,"6,75","54,8","3,19","0,75","0,74",,"4,61","65,2",tarama
00598,cracker,crackers,Cracker,1880,"8,5",12,75,"0,4","4,1",,"4,5",,cracker
00599,Chablis,Chablis,Chablis,,,,,,,,,,chablis
00600,mie,mies,,,,,,,,,,,
00601,seigle,seigles,Seigle,1450,"8,7","1,37","70,7","0,93","7,15",,"0,15",0,seigle
00602,lemon,lemons,,,,,,,,,,,
00603,edam,edam,Edam,1380,25,"25,5",traces,"< 0,25",0,,"16,9",89,edam
00604,morbier,morbier,Morbier,1480,"22,4","29,2",traces,traces,0,,"19,2",89,morbier
00605,gâteau,gâteaux,Gâteaux,,"5,27","17,8","53,5",32,"1,75",,"5,36","85,8",gateaux
00606,filo,filos,Filo,1220,"7,1",6,"50,8","0,18","1,9",,"1,47",0,filo
00607,Lambig,Lambigs,Lambig,,,,,,,,,,lambig
00608,artichaut,artichauts,Artichaut,,"3,2","0,18","4,92","0,99","5,4",,"0,036",0,artichaut
00609,courge,courges,Courge,,"0,66","0,26","5,06","2,53","1,4",,"0,062",0,courge
00610,litchi,litchis,Litchi,344,"1,13","< 0,5","16,1","15,7",2,,"< 0,01",0,litchi
00611,gombo,gombos,Gombo,,"1,87","0,21","2,01","2,01","2,5",,"0,045",0,gombo
00612,massalé,massalés,Massalé,,,,,,,,,,massale
00613,blini,blinis,Blini,,"5,98","11,2","33,7","3,14","2,35",,"3,19","24,7",blini
00614,Gewurztraminer,Gewurztraminer,Gewurztraminer,,,,,,,,,,gewurztraminer
00615,spaghettini,spaghettinis,Spaghettini,,,,,,,,,,spaghettini
00616,mesclun,mescluns,Mesclun,,2,0,"2,5",0,2,,0,,mesclun
00617,malibu,malibu,Malibu,,,,,,,,,,malibu
00618,ravioli,raviolis,Ravioli,837,"7,98","6,53","25,7","2,82","2,52",,"2,88",30,ravioli
00619,sorbet,sorbets,,,,,,,,,,,
00620,Philadelphia,Philadelphia,Philadelphia,,,,,,,,,,philadelphia
00621,yuzu,yuzus,Yuzu,,,,,,,,,,yuzu
00622,cacahuète,cacahuètes,Cacahuètes,,"25,4","52,5","16,1","10,5",5,,"10,4",0,cacahuetes
00623,kadaif,kadaifs,Kadaif,,,,,,,,,,kadaif
00624,baudroie,baudroies,Baudroie,,"6,16","34,2","57,1",56,1,,"21,3",23,baudroie
00625,fourme,fourmes,,,,,,,,,,,
00626,cocktail,cocktails,,,,,,,,,,,
00627,pomélo,pomélos,Pomélo,,"0,76","0,04","8,62",,1,,,0,pomelo
00628,nectarine,nectarines,Nectarine,,"1,16","0,31","8,9","7,89","1,7",,"0,025",0,nectarine
00629,tortil,tortils,Tortils,,,,,,,,,,tortils
00630,glace,glaces,Glace,,"2,5","8,4","26,1","21,9",< 3,,"5,44","39,3",glace
00631,fleuron,fleurons,,,,,,,,,,,
00632,liqueur,liqueurs,Liqueur,1380,"0,1","0,3","39,6","35,3",0,,"0,083",0,liqueur
00633,kéfir,kéfir,Kéfir,,"3,13","3,5","4,5","3,62",0,,"2,33",14,kefir
00634,aillet,aillets,Aillet,,,,,,,,,,aillet
00635,crozet,crozets,Crozet,,,,,,,,,,crozet
00636,sardine,sardines,Sardine,683,"19,5","9,48",traces,0,0,,"2,4","78,9",sardine
00637,gressin,gressins,Gressin,1800,"13,9","11,8","65,3","2,06","5,16",,"2,78",,gressin
00638,hareng,harengs,Hareng,840,23,"12,1",traces,0,0,,"3,51",57,hareng
00639,datte,dattes,Datte,,"1,81","0,25","64,7","64,7","7,3",,"0,075",0,datte
00640,rave,raves,,,,,,,,,,,
00641,choucroute,choucroutes,Choucroute,310,"1,38","6,6","< 0,1","< 0,2","4,5",,"2,02","8,44",choucroute
00642,selle,selles,,,,,,,,,,,
00643,saucisson,saucissons,Saucisson,1290,"14,7","17,4","22,6","3,8",2,,"8,6","86,4",saucisson
00644,jambonneau,jambonneaux,Jambonneau,618,"20,2","7,31","0,28","0,28",0,,"2,4",,jambonneau
00645,fajita,fajitas,Fajitas,665,"12,7","4,5",16,"2,2","1,4",,"1,96","30,6",fajitas
00646,nem,nems,Nem,904,"6,48","11,2","21,1","3,02","2,54",,"2,9",28,nem
00647,ramen,ramens,Ramen,,,,,,,,,,ramen
00648,citrouille,citrouilles,Citrouille,,1,"0,1",6,"2,76","0,5",,"0,052",0,citrouille
00649,brochet,brochets,Brochet,425,"23,1","0,88",traces,0,0,,"0,15",50,brochet
00650,dashi,dashis,Dashi,,,,,,,,,,dashi
00651,nori,noris,Nori,1060,"31,5","1,63","10,5",,"36,3",,,,nori
00652,clovisse,clovisses,Clovisse,,,,,,,,,,clovisse
00653,galanger,galangers,,,,,,,,,,,
00654,pigeonneau,pigeonneaux,Pigeonneau,,,,,,,,,,pigeonneau
00655,Golden,Goldens,,,,,,,,,,,
00656,panko,pankos,,,,,,,,,,,
00657,feuillet,feuillets,Feuillet,1260,"8,39","17,8","26,1","3,03","1,65",,"10,1","39,1",feuillet
00658,liseron,liserons,,,,,,,,,,,
00659,condiment,condiments,Condiments,,,,,,,,,,condiments
00660,thiof,thiofs,Thiof,,,,,,,,,,thiof
00661,manioc,maniocs,Manioc,561,"0,69","0,043",32,,"0,4",,,,manioc
00662,lime,limes,Lime,,"0,35","0,57",,,,,,,lime
00663,berkoukes,berkoukes,Berkoukes,,,,,,,,,,berkoukes
00664,empereur,empereurs,Empereur,311,15,"1,5",traces,0,0,,"0,3",,empereur
00665,mimolette,mimolettes,Mimolette,1290,"24,4","23,4",traces,"< 0,25",0,,"16,8",67,mimolette
00666,entrecôte,entrecôtes,Entrecôte,711,"28,2","6,24",traces,,0,,"1,99",,entrecote
00667,dakatine,dakatines,Dakatine,,,,,,,,,,dakatine
00668,pot-au-feu,Pot-au-feu,Pot-au-feu,326,"10,9","2,02","3,2","1,5","1,5",,"0,82","28,8",pot-au-feu
00669,knack,knacks,Knack,1200,"12,4","25,9","1,39","1,06","1,37",,"10,9","73,1",knack
00670,wasabi,wasabis,Wasabi,,,,,,,,,,wasabi
00671,plum,plums,,,,,,,,,,,
00672,cubesMaggi,cubesMaggis,,,,,,,,,,,
00673,brède,brèdes,,,,,,,,,,,
00674,pariétaire,pariétaires,Pariétaire,,,,,,,,,,parietaire
00675,dé,dés,,,,,,,,,,,
00676,fonio,fonios,Fonio,,,,,,,,,,fonio
00677,râper,râpers,,,,,,,,,,,
00678,pangasiu,pangasius,Pangasius,276,"13,5","1,27",traces,0,0,,"0,47","29,8",pangasius
00679,appenzeller,appenzellers,Appenzeller,,,,,,,,,,appenzeller
00680,kirsch,kirschs,Kirsch,,,,,,,,,,kirsch
00681,niébé,niébés,Niébé,,,,,,,,,,niebe
00682,bergamote,bergamotes,Bergamote,,,,,,,,,,bergamote
00683,feuilleté,feuilletés,Feuilleté,1260,"8,39","17,8","26,1","3,03","1,65",,"10,1","39,1",feuillete
00684,livarot,livarots,Livarot,1260,"24,1","22,6",traces,"< 0,2",0,,"15,3","77,3",livarot
00685,perle,perles,,,,,,,,,,,
00686,vacherin,vacherins,Vacherin,1260,"18,5","25,4",traces,traces,0,,"16,3",,vacherin
00687,vol-au-vent,vol-au-vents,Vol-au-vent,,"7,29","34,9","52,9","49,9","2,51",,"16,4","14,3",vol-au-vent
00688,carpe,carpes,Carpe,633,"21,6","7,17",traces,0,0,,"1,27",84,carpe
00689,feta,fetas,Feta,,"14,5","22,8","2,5","1,13",0,,"14,3","60,3",feta
00690,brocciu,broccius,Brocciu,,,,,,,,,,brocciu
00691,bambou,bambous,Bambou,,"1,61","0,15","1,9","1,15","1,25",,"0,041",0,bambou
00692,anisette,anisettes,Anisette,,,,,,,,,,anisette
00693,miso,misos,Miso,,"11,7","5,31","18,1","6,2","5,4",,"1,01",0,miso
00694,bonite,bonites,Bonite,675,"22,3","8,01",traces,0,0,,"2,11",,bonite
00695,salami,salamis,Salami,1870,"17,7","41,8","1,05","< 0,2",traces,,"16,2","95,9",salami
00696,tapioca,tapiocas,Tapioca,1500,"0,19","0,02","87,8","3,35","0,9",,"0,005",0,tapioca
00697,munster,munsters,Munster,1430,"20,7",29,traces,0,0,,"18,8",96,munster
00698,chester,chesters,Chester,,,,,,,,,,chester
00699,faux-filet,faux-filets,Faux-filet,685,"26,6","6,27",traces,,0,,"2,1",,faux-filet
00700,bolet,bolets,Bolet,,,,,,,,,,bolet
00701,chips,chips,Chips,2270,"5,67","34,3","51,1","1,59","4,57",,"3,23","< 0,7",chips
00702,satay,satays,Satay,,,,,,,,,,satay
00703,conchiglioni,conchiglionis,Conchiglioni,,,,,,,,,,conchiglioni
00704,Saint,Saint,,,,,,,,,,,
00705,kiri,kiris,Kiri,,"10,6","18,9","24,1","3,1","1,2",,"11,3",49,kiri
00706,boulette,boulettes,,,,,,,,,,,
00707,brie,bries,Brie,1240,"16,9","25,5",traces,0,0,,"16,3","95,8",brie
00708,diot,diots,Diot,,18,30,,,0,,,,diot
00709,pèpè,pèpès,Pèpè,,,,,,,,,,pepe
00710,djansan,djansans,Djansan,,,,,,,,,,djansan
00711,méliss,mélisss,,,,,,,,,,,
00712,krisprolls,krisprolls,Krisprolls,1680,"9,75","8,25","68,5","6,2","7,3",,"1,64",,krisprolls
00713,aspartame,aspartames,Aspartame,904,"6,35",0,"69,3","6,65","2,2",,0,,aspartame
00714,algue,algues,,,,,,,,,,,
00715,cranberrie,cranberries,Cranberries,,,,,,,,,,cranberries
00716,saint-nectair,saint-nectairs,,,,,,,,,,,
00717,limoncello,limoncellos,Limoncello,,,,,,,,,,limoncello
00718,tortellini,tortellinis,Tortellini,837,"7,98","6,53","25,7","2,82","2,52",,"2,88",30,tortellini
00719,brandade,brandades,Brandade,491,"6,39","6,15","8,57","1,62","1,1",,"3,68",31,brandade
00720,grenadin,grenadins,,,,,,,,,,,
00721,mortadelle,mortadelles,Mortadelle,1260,15,"26,7","1,4",0,0,,"10,6","72,5",mortadelle
00722,carde,cardes,Carde,,,,,,,,,,carde
00723,carpaccio,carpaccios,Carpaccio,1120,"15,2",23,"0,55","0,5","0,36",,"7,38","55,6",carpaccio
00724,mirabelle,mirabelles,Mirabelle,325,"0,63","< 0,5",18,"13,3","2,2",,"< 0,01",,mirabelle
00725,aileron,ailerons,,,,,,,,,,,
00726,collet,collets,,,,,,,,,,,
00727,Blini,Blinis,Blini,,"5,98","11,2","33,7","3,14","2,35",,"3,19","24,7",blini
00728,époisse,époisses,époisses,1210,"17,4","24,5",traces,"< 0,03",traces,,"17,1","80,5",epoisses
00729,cream,cream,,,,,,,,,,,
00730,millet,millets,Millet,1480,"10,2","4,1","63,2","0,5","9,7",,"0,76",,millet
00731,pissenlit,pissenlits,Pissenlit,,"2,91","0,85","6,1","0,71","2,7",,"0,17",0,pissenlit
00732,lasagne,lasagnes,Lasagnes,749,7,"10,2",14,"2,3","1,4",,"5,23","25,6",lasagnes
00733,iceberg,icebergs,Iceberg,,"1,01","0,18","2,45","1,48","1,15",,"0,023",0,iceberg
00734,protéine,protéines,,,,,,,,,,,
00735,tempeh,tempehs,Tempeh,634,"17,6","4,7","7,89","0,24","6,2",,"0,57",0,tempeh
00736,chou-rave,chou-raves,Chou-rave,,"1,79","0,1","2,35","2,35","3,6",,"0,013",0,chou-rave
00737,zaatar,zaatars,Zaatar,,,,,,,,,,zaatar
00738,épeautre,épeautres,épeautre,1430,"15,6","2,43","59,5","6,68","10,7",,"0,41",0,epeautre
00739,sarrasin,sarrasins,Sarrasin,1470,"11,5","2,19","68,4","0,03","4,2",,"0,33",0,sarrasin
00740,tahini,tahinis,Tahini,,"20,3","53,4","13,8","0,49",7,,"7,48",0,tahini
00741,zeste,zestes,,,,,,,,,,,
00742,seitan,seitans,Seitan,566,"20,6","2,5","6,74","0,81","0,9",,"0,38",,seitan
00743,sbrinz,sbrinzs,Sbrinz,,,,,,,,,,sbrinz
00744,pipe,pipes,,,,,,,,,,,
00745,Parmigiano,Parmigianos,,,,,,,,,,,
00746,cervela,cervelas,Cervelas,1150,"11,9","24,8","1,56","0,63","0,4",,"9,37","66,8",cervelas
00747,farfalle,farfalles,Farfalle,,,,,,,,,,farfalle
00748,yet,yets,Yet,,,,,,,,,,yet
00749,jumbo,jumbos,Jumbo,,,,,,,,,,jumbo
00750,penné,pennés,Penne,,,,,,,,,,penne
00751,torsade,torsades,Torsades,,,,,,,,,,torsades
00752,coude,coudes,Coude,,,,,,,,,,coude
00753,skyr,skyrs,Skyr,,,,,,,,,,skyr
00754,poutargue,poutargues,Poutargue,,,,,,,,,,poutargue
00755,fusilli,fusillis,Fusilli,,,,,,,,,,fusilli
00756,coppa,coppas,Coppa,1180,25,20,1,"0,5",0,,"6,83",,coppa
00757,Bouillon,Bouillons,Bouillon,832,"10,8","3,1","30,9","2,2",0,,"1,08","12,8",bouillon
00758,nugget,nuggets,Nugget,1000,"13,1","13,2","16,2","1,07","1,7",,"2,42","52,1",nugget
00759,Sambal,Sambaux,,,,,,,,,,,
00760,burrata,burratas,Burrata,,,,,,,,,,burrata
00761,petit-épeautre,petit-épeautres,Petit-épeautre,1430,"15,6","2,43","59,5","6,68","10,7",,"0,41",0,petit-epeautre
00762,lier,liers,,,,,,,,,,,
00763,brandy,brandys,Brandy,,,,,,,,,,brandy
00764,glaçon,glaçons,Glaçons,,,,,,,,,,glacons
00765,orecchiette,orecchiettes,Orecchiette,,,,,,,,,,orecchiette
00766,papiller,papillers,,,,,,,,,,,
00767,corned,corneds,,,,,,,,,,,
00768,rouy,rouys,Rouy,,,,,,,,,,rouy
00769,torsette,torsettes,Torsette,,,,,,,,,,torsette
00770,siave,siave,Siave,,,,,,,,,,siave
00771,tranche,tranches,,,,,,,,,,,
00772,lasagnette,lasagnettes,Lasagnettes,,,,,,,,,,lasagnettes
00773,céréal,céréales,,,,,,,,,,,
00774,passata,passatas,Passata,,,,,,,,,,passata
00775,pappardelle,pappardelles,Pappardelles,,,,,,,,,,pappardelles
00776,biscuit,biscuits,Biscuit,,"6,43","26,9","61,7","34,3","2,71",,"14,2",,biscuit
00777,provolone,provolones,Provolone,1420,"25,1","26,6",traces,0,0,,"17,1",69,provolone
00778,mini,minis,,,,,,,,,,,
00779,rosette,rosettes,Rosette,1580,"24,2","30,7","1,79","1,46",traces,,"11,8","97,7",rosette
00780,speck,specks,Speck,1010,"12,2","9,43","25,7","3,47","1,6",,"4,67",,speck
00781,saint-marcellin,saint-marcellins,Saint-marcellin,1160,"14,8","24,3",traces,"< 0,2",0,,"18,1","93,4",saint-marcellin
00782,grappa,grappas,Grappa,,,,,,,,,,grappa
00783,cédrat,cédrats,Cédrat,899,"2,19","19,2","6,8","6,5","3,5",,"1,88",,cedrat
00784,pâtir,pâtirs,,,,,,,,,,,
00785,févette,févettes,Févette,,,,,,,,,,fevette
00786,truffe,truffes,Truffe,,"5,77","0,51",,"0,7","8,5",,"0,11",0,truffe
00787,moelle,moelles,Moelle,,,,,,,,,,moelle
00788,cola,colas,Cola,178,"0,093","0,062","10,2","10,2",0,,0,0,cola
00789,Grana,Granas,,,,,,,,,,,
00790,rigatoni,rigatonis,Rigatoni,,,,,,,,,,rigatoni
00791,Expresso,Expressos,Expresso,32,"< 0,5","0,2","1,16",traces,"< 0,5",,"0,092",0,expresso
00792,grenade,grenades,Grenade,340,"1,44","1,2","14,3","13,3","2,3",,"0,07",0,grenade
00793,schnaps,schnaps,Schnaps,,,,,,,,,,schnaps
00794,bouton,boutons,,,,,,,,,,,
00795,perche,perches,Perche,503,"22,1","3,42",traces,0,0,,"0,85","82,4",perche
00796,doubanjiang,doubanjiangs,Doubanjiang,,,,,,,,,,doubanjiang
00797,raclette,raclettes,Raclette,1430,"22,9","27,5",traces,traces,0,,"18,5","99,6",raclette
00798,mont,monts,,,,,,,,,,,
00799,picodon,picodons,Picodon,1320,"20,3",26,traces,"< 0,5",0,,"19,2",137,picodon
00800,vieux,vieux,,,,,,,,,,,
00801,abondance,abondances,Abondance,1640,"26,6","31,6",traces,"< 0,2",0,,"20,1",106,abondance
00802,Apremont,Apremont,Apremont,,,,,,,,,,apremont
00803,gendarme,gendarmes,Gendarme,,19,"24,9",,,traces,,"8,56","84,6",gendarme
00804,Cabécou,Cabécous,Cabécou,1170,19,"22,6",traces,0,0,,"17,4",78,cabecou
00805,flûte,flûtes,Flûte,,,,,,,,,,flute
00806,leffe,leffes,Leffe,,,,,,,,,,leffe
00807,tilsit,tilsits,Tilsit,,,,,,,,,,tilsit
00808,pied-de-mouton,pied-de-moutons,Pied-de-mouton,848,"18,1","14,6",traces,,0,,,,pied-de-mouton
00809,rocamadour,rocamadours,Rocamadour,1140,"17,5","22,6",traces,"< 0,14",0,,"17,1","65,5",rocamadour
